-- phpMyAdmin SQL Dump
-- version 5.0.1
-- https://www.phpmyadmin.net/
--
-- Host: 127.0.0.1
-- Generation Time: Mar 05, 2020 at 09:22 AM
-- Server version: 10.4.11-MariaDB
-- PHP Version: 7.4.1

SET SQL_MODE = "NO_AUTO_VALUE_ON_ZERO";
SET AUTOCOMMIT = 0;
START TRANSACTION;
SET time_zone = "+00:00";


/*!40101 SET @OLD_CHARACTER_SET_CLIENT=@@CHARACTER_SET_CLIENT */;
/*!40101 SET @OLD_CHARACTER_SET_RESULTS=@@CHARACTER_SET_RESULTS */;
/*!40101 SET @OLD_COLLATION_CONNECTION=@@COLLATION_CONNECTION */;
/*!40101 SET NAMES utf8mb4 */;

--
-- Database: `en-test`
--

-- --------------------------------------------------------

--
-- Table structure for table `activity_log`
--

CREATE TABLE `activity_log` (
  `id` bigint(20) UNSIGNED NOT NULL,
  `log_name` varchar(255) CHARACTER SET utf8mb4 COLLATE utf8mb4_unicode_ci DEFAULT NULL,
  `description` text CHARACTER SET utf8mb4 COLLATE utf8mb4_unicode_ci NOT NULL,
  `subject_id` bigint(20) UNSIGNED DEFAULT NULL,
  `subject_type` varchar(255) CHARACTER SET utf8mb4 COLLATE utf8mb4_unicode_ci DEFAULT NULL,
  `causer_id` bigint(20) UNSIGNED DEFAULT NULL,
  `causer_type` varchar(255) CHARACTER SET utf8mb4 COLLATE utf8mb4_unicode_ci DEFAULT NULL,
  `properties` longtext CHARACTER SET utf8mb4 COLLATE utf8mb4_bin DEFAULT NULL,
  `created_at` timestamp NULL DEFAULT NULL,
  `updated_at` timestamp NULL DEFAULT NULL
) ENGINE=InnoDB DEFAULT CHARSET=utf8mb4;

-- --------------------------------------------------------

--
-- Table structure for table `admins`
--

CREATE TABLE `admins` (
  `id` bigint(20) UNSIGNED NOT NULL,
  `name` varchar(255) COLLATE utf8mb4_unicode_ci NOT NULL,
  `email` varchar(255) COLLATE utf8mb4_unicode_ci NOT NULL,
  `password` varchar(255) COLLATE utf8mb4_unicode_ci NOT NULL,
  `phone` varchar(255) COLLATE utf8mb4_unicode_ci DEFAULT NULL,
  `remember_token` varchar(100) COLLATE utf8mb4_unicode_ci DEFAULT NULL,
  `created_at` timestamp NULL DEFAULT NULL,
  `updated_at` timestamp NULL DEFAULT NULL
) ENGINE=InnoDB DEFAULT CHARSET=utf8mb4 COLLATE=utf8mb4_unicode_ci;

--
-- Dumping data for table `admins`
--

INSERT INTO `admins` (`id`, `name`, `email`, `password`, `phone`, `remember_token`, `created_at`, `updated_at`) VALUES
(1, 'Admin Laith Atik', 'latik@enbiosis.com', '$2y$10$pwwompJiZhmQjz3FrbauGu3aB9oNqjBzKMhbmSNXVRoES/h0Or/uq', NULL, NULL, '2019-12-31 05:55:37', '2020-01-02 01:51:58');

-- --------------------------------------------------------

--
-- Table structure for table `answers`
--

CREATE TABLE `answers` (
  `id` bigint(20) UNSIGNED NOT NULL,
  `kit_id` bigint(20) UNSIGNED NOT NULL,
  `question_id` bigint(20) NOT NULL,
  `answer` longtext COLLATE utf8mb4_unicode_ci NOT NULL,
  `deleted_at` timestamp NULL DEFAULT NULL,
  `created_at` timestamp NULL DEFAULT NULL,
  `updated_at` timestamp NULL DEFAULT NULL
) ENGINE=InnoDB DEFAULT CHARSET=utf8mb4 COLLATE=utf8mb4_unicode_ci;

-- --------------------------------------------------------

--
-- Table structure for table `countries`
--

CREATE TABLE `countries` (
  `id` bigint(20) UNSIGNED NOT NULL,
  `name` varchar(255) COLLATE utf8mb4_unicode_ci NOT NULL,
  `code` varchar(255) COLLATE utf8mb4_unicode_ci NOT NULL
) ENGINE=InnoDB DEFAULT CHARSET=utf8mb4 COLLATE=utf8mb4_unicode_ci;

--
-- Dumping data for table `countries`
--

INSERT INTO `countries` (`id`, `name`, `code`) VALUES
(1, 'Turkish', 'tr'),
(2, 'English', 'en'),
(3, 'Ukrainian', 'uk'),
(4, 'Russian', 'ru'),
(5, 'Abkhazian', 'ab'),
(6, 'Afar', 'aa'),
(7, 'Afrikaans', 'af'),
(8, 'Akan', 'ak'),
(9, 'Albanian', 'sq'),
(10, 'Amharic', 'am'),
(11, 'Arabic', 'ar'),
(12, 'Aragonese', 'an'),
(13, 'Armenian', 'hy'),
(14, 'Assamese', 'as'),
(15, 'Avaric', 'av'),
(16, 'Avestan', 'ae'),
(17, 'Aymara', 'ay'),
(18, 'Azerbaijani', 'az'),
(19, 'Bambara', 'bm'),
(20, 'Bashkir', 'ba'),
(21, 'Basque', 'eu'),
(22, 'Belarusian', 'be'),
(23, 'Bengali', 'bn'),
(24, 'Bihari languages', 'bh'),
(25, 'Bislama', 'bi'),
(26, 'Bosnian', 'bs'),
(27, 'Breton', 'br'),
(28, 'Bulgarian', 'bg'),
(29, 'Burmese', 'my'),
(30, 'Catalan, Valcodeian', 'ca'),
(31, 'Central Khmer', 'km'),
(32, 'Chamorro', 'ch'),
(33, 'Chechen', 'ce'),
(34, 'Chichewa, Chewa, Nyanja', 'ny'),
(35, 'Chinese', 'zh'),
(36, 'Church Slavonic, Old Bulgarian, Old Church Slavonic', 'cu'),
(37, 'Chuvash', 'cv'),
(38, 'Cornish', 'kw'),
(39, 'Corsican', 'co'),
(40, 'Cree', 'cr'),
(41, 'Croatian', 'hr'),
(42, 'Czech', 'cs'),
(43, 'Danish', 'da'),
(44, 'Divehi, Dhivehi, Maldivian', 'dv'),
(45, 'Dutch, Flemish', 'nl'),
(46, 'Dzongkha', 'dz'),
(47, 'Esperanto', 'eo'),
(48, 'Estonian', 'et'),
(49, 'Ewe', 'ee'),
(50, 'Faroese', 'fo'),
(51, 'Fijian', 'fj'),
(52, 'Finnish', 'fi'),
(53, 'Frcodeh', 'fr'),
(54, 'Fulah', 'ff'),
(55, 'Gaelic, Scottish Gaelic', 'gd'),
(56, 'Galician', 'gl'),
(57, 'Ganda', 'lg'),
(58, 'Georgian', 'ka'),
(59, 'German', 'de'),
(60, 'Gikuyu, Kikuyu', 'ki'),
(61, 'Greek (Modern)', 'el'),
(62, 'Greenlandic, Kalaallisut', 'kl'),
(63, 'Guarani', 'gn'),
(64, 'Gujarati', 'gu'),
(65, 'Haitian, Haitian Creole', 'ht'),
(66, 'Hausa', 'ha'),
(67, 'Hebrew', 'he'),
(68, 'Herero', 'hz'),
(69, 'Hindi', 'hi'),
(70, 'Hiri Motu', 'ho'),
(71, 'Hungarian', 'hu'),
(72, 'Icelandic', 'is'),
(73, 'Ido', 'io'),
(74, 'Igbo', 'ig'),
(75, 'Indonesian', 'id'),
(76, 'Interlingua (International Auxiliary Language Association)', 'ia'),
(77, 'Interlingue', 'ie'),
(78, 'Inuktitut', 'iu'),
(79, 'Inupiaq', 'ik'),
(80, 'Irish', 'ga'),
(81, 'Italian', 'it'),
(82, 'Japanese', 'ja'),
(83, 'Javanese', 'jv'),
(84, 'Kannada', 'kn'),
(85, 'Kanuri', 'kr'),
(86, 'Kashmiri', 'ks'),
(87, 'Kazakh', 'kk'),
(88, 'Kinyarwanda', 'rw'),
(89, 'Komi', 'kv'),
(90, 'Kongo', 'kg'),
(91, 'Korean', 'ko'),
(92, 'Kwanyama, Kuanyama', 'kj'),
(93, 'Kurdish', 'ku'),
(94, 'Kyrgyz', 'ky'),
(95, 'Lao', 'lo'),
(96, 'Latin', 'la'),
(97, 'Latvian', 'lv'),
(98, 'Letzeburgesch, Luxembourgish', 'lb'),
(99, 'Limburgish, Limburgan, Limburger', 'li'),
(100, 'Lingala', 'ln'),
(101, 'Lithuanian', 'lt'),
(102, 'Luba-Katanga', 'lu'),
(103, 'Macedonian', 'mk'),
(104, 'Malagasy', 'mg'),
(105, 'Malay', 'ms'),
(106, 'Malayalam', 'ml'),
(107, 'Maltese', 'mt'),
(108, 'Manx', 'gv'),
(109, 'Maori', 'mi'),
(110, 'Marathi', 'mr'),
(111, 'Marshallese', 'mh'),
(112, 'Moldovan, Moldavian, Romanian', 'ro'),
(113, 'Mongolian', 'mn'),
(114, 'Nauru', 'na'),
(115, 'Navajo, Navaho', 'nv'),
(116, 'Northern Ndebele', 'nd'),
(117, 'Ndonga', 'ng'),
(118, 'Nepali', 'ne'),
(119, 'Northern Sami', 'se'),
(120, 'Norwegian', 'no'),
(121, 'Norwegian Bokmål', 'nb'),
(122, 'Norwegian Nynorsk', 'nn'),
(123, 'Nuosu, Sichuan Yi', 'ii'),
(124, 'Occitan (post 1500)', 'oc'),
(125, 'Ojibwa', 'oj'),
(126, 'Oriya', 'or'),
(127, 'Oromo', 'om'),
(128, 'Ossetian, Ossetic', 'os'),
(129, 'Pali', 'pi'),
(130, 'Panjabi, Punjabi', 'pa'),
(131, 'Pashto, Pushto', 'ps'),
(132, 'Persian', 'fa'),
(133, 'Polish', 'pl'),
(134, 'Portuguese', 'pt'),
(135, 'Quechua', 'qu'),
(136, 'Romansh', 'rm'),
(137, 'Rundi', 'rn'),
(138, 'Samoan', 'sm'),
(139, 'Sango', 'sg'),
(140, 'Sanskrit', 'sa'),
(141, 'Sardinian', 'sc'),
(142, 'Serbian', 'sr'),
(143, 'Shona', 'sn'),
(144, 'Sindhi', 'sd'),
(145, 'Sinhala, Sinhalese', 'si'),
(146, 'Slovak', 'sk'),
(147, 'Slovenian', 'sl'),
(148, 'Somali', 'so'),
(149, 'Sotho, Southern', 'st'),
(150, 'South Ndebele', 'nr'),
(151, 'Spanish, Castilian', 'es'),
(152, 'Sundanese', 'su'),
(153, 'Swahili', 'sw'),
(154, 'Swati', 'ss'),
(155, 'Swedish', 'sv'),
(156, 'Tagalog', 'tl'),
(157, 'Tahitian', 'ty'),
(158, 'Tajik', 'tg'),
(159, 'Tamil', 'ta'),
(160, 'Tatar', 'tt'),
(161, 'Telugu', 'te'),
(162, 'Thai', 'th'),
(163, 'Tibetan', 'bo'),
(164, 'Tigrinya', 'ti'),
(165, 'Tonga (Tonga Islands)', 'to'),
(166, 'Tsonga', 'ts'),
(167, 'Tswana', 'tn'),
(168, 'Turkmen', 'tk'),
(169, 'Twi', 'tw'),
(170, 'Uighur, Uyghur', 'ug'),
(171, 'Urdu', 'ur'),
(172, 'Uzbek', 'uz'),
(173, 'Venda', 've'),
(174, 'Vietnamese', 'vi'),
(175, 'Volap_k', 'vo'),
(176, 'Walloon', 'wa'),
(177, 'Welsh', 'cy'),
(178, 'Western Frisian', 'fy'),
(179, 'Wolof', 'wo'),
(180, 'Xhosa', 'xh'),
(181, 'Yiddish', 'yi'),
(182, 'Yoruba', 'yo'),
(183, 'Zhuang, Chuang', 'za'),
(184, 'Zulu', 'zu');

-- --------------------------------------------------------

--
-- Table structure for table `coupons`
--

CREATE TABLE `coupons` (
  `id` bigint(20) UNSIGNED NOT NULL,
  `code` varchar(255) COLLATE utf8mb4_unicode_ci NOT NULL,
  `discount` varchar(255) COLLATE utf8mb4_unicode_ci NOT NULL DEFAULT '20',
  `note` varchar(255) COLLATE utf8mb4_unicode_ci NOT NULL DEFAULT 'Note',
  `used` tinyint(1) NOT NULL DEFAULT 0,
  `created_at` timestamp NULL DEFAULT NULL,
  `updated_at` timestamp NULL DEFAULT NULL
) ENGINE=InnoDB DEFAULT CHARSET=utf8mb4 COLLATE=utf8mb4_unicode_ci;

--
-- Dumping data for table `coupons`
--

INSERT INTO `coupons` (`id`, `code`, `discount`, `note`, `used`, `created_at`, `updated_at`) VALUES
(1, 'sXK8GxNe6t', '52', 'Note', 0, '2020-01-14 17:21:31', '2020-01-14 17:21:31'),
(2, 'iRkWluAnpR', '52', 'Note', 0, '2020-01-14 17:21:31', '2020-01-14 17:21:31'),
(3, 'XuqH1FhqXk', '52', 'Note', 0, '2020-01-14 17:21:31', '2020-01-14 17:21:31'),
(4, 'YLOZM3UhCK', '52', 'Note', 0, '2020-01-14 17:21:31', '2020-01-14 17:21:31'),
(5, 'DEDtdVPQ0R', '52', 'Note', 0, '2020-01-14 17:21:31', '2020-01-14 17:21:31'),
(6, 'ZaScv0ejSQ', '52', 'Note', 0, '2020-01-14 17:21:31', '2020-01-14 17:21:31'),
(7, 'i7ZrwgXZGS', '52', 'Note', 0, '2020-01-14 17:21:31', '2020-01-14 17:21:31'),
(8, 'F23OwnnVhG', '52', 'Note', 0, '2020-01-14 17:21:31', '2020-01-14 17:21:31'),
(9, 'JYqeRYTcgb', '52', 'Note', 0, '2020-01-14 17:21:31', '2020-01-14 17:21:31'),
(10, '3EDkfTaYjt', '52', 'Note', 0, '2020-01-14 17:21:31', '2020-01-14 17:21:31'),
(11, 'TIf0jKE3Uv', '52', 'Note', 0, '2020-01-14 17:21:31', '2020-01-14 17:21:31'),
(12, '5yCrrF10WJ', '52', 'Note', 0, '2020-01-14 17:21:31', '2020-01-14 17:21:31'),
(13, 'H5fRWaJh36', '52', 'Note', 0, '2020-01-14 17:21:31', '2020-01-14 17:21:31'),
(14, 'g5iixeFxRT', '52', 'Note', 0, '2020-01-14 17:21:31', '2020-01-14 17:21:31'),
(15, '8h1VhLMMKo', '52', 'Note', 0, '2020-01-14 17:21:31', '2020-01-14 17:21:31'),
(16, 'Kzxdt6hkYp', '52', 'Note', 0, '2020-01-14 17:21:31', '2020-01-14 17:21:31'),
(17, 'hLSgRYB0Uu', '52', 'Note', 0, '2020-01-14 17:21:31', '2020-01-14 17:21:31'),
(18, 'y62MXLJH7d', '52', 'Note', 0, '2020-01-14 17:21:31', '2020-01-14 17:21:31'),
(19, 'IyuPktc2iR', '52', 'Note', 1, '2020-01-14 17:21:31', '2020-02-14 07:57:03'),
(20, '8XDjnltVug', '52', 'Note', 0, '2020-01-14 17:21:31', '2020-01-14 17:21:31'),
(21, 'OviwxAJx6G', '52', 'Note', 0, '2020-01-13 21:00:00', '2020-01-13 21:00:00'),
(22, 'GQr27g0YEp', '52', 'Note', 0, '2020-01-13 21:00:00', '2020-01-13 21:00:00'),
(23, 'xe4CkTe854', '52', '52', 0, '2020-01-13 21:00:00', '2020-01-16 05:33:09'),
(24, 'tOHkj9oVaW', '52', 'Note', 0, '2020-01-13 21:00:00', '2020-01-13 21:00:00'),
(25, 't0ZL72y6XQ', '52', 'Note', 0, '2020-01-13 21:00:00', '2020-01-13 21:00:00'),
(26, 'T6x1vGfWu2', '30', 'Note', 0, '2020-01-20 08:51:52', '2020-01-20 08:51:52'),
(27, 'FHVMFz2jEl', '30', 'Note', 0, '2020-01-20 08:51:52', '2020-01-20 08:51:52'),
(28, '89HTkjyIhD', '30', 'Note', 0, '2020-01-20 08:51:52', '2020-01-20 08:51:52'),
(29, '42xdPIXcbb', '30', 'Note', 0, '2020-01-20 08:51:52', '2020-01-20 08:51:52'),
(30, 'mlcZVqhBDD', '30', 'Note', 0, '2020-01-20 08:51:52', '2020-01-20 08:51:52'),
(31, 'f07snCC3Ld', '10', 'Note', 0, '2020-01-23 06:02:44', '2020-01-23 06:02:44'),
(32, 'gkCOEcfNdr', '10', 'Note', 0, '2020-01-23 06:02:44', '2020-01-23 06:02:44'),
(33, 'xbFaXUnH8Q', '10', 'Note', 0, '2020-01-23 06:02:44', '2020-01-23 06:02:44'),
(34, 'ORoay0aE5p', '10', 'Note', 0, '2020-01-23 06:02:44', '2020-01-23 06:02:44'),
(35, 'mg8Jm0jxI5', '10', 'Note', 0, '2020-01-23 06:02:44', '2020-01-23 06:02:44'),
(36, 'sSAPOmp8Tj', '10', 'Note', 0, '2020-01-23 06:02:44', '2020-01-23 06:02:44'),
(37, 'w6OmnahgTv', '10', 'Note', 0, '2020-01-23 06:02:44', '2020-01-23 06:02:44'),
(38, '74hDtQq3oe', '10', 'Note', 0, '2020-01-23 06:02:44', '2020-01-23 06:02:44'),
(39, 'yPGv5u7tDr', '10', 'Note', 0, '2020-01-23 06:02:44', '2020-01-23 06:02:44'),
(40, 'fFyZayga72', '10', 'Note', 0, '2020-01-23 06:02:44', '2020-01-23 06:02:44'),
(41, 'M1A8VdRUh7', '10', 'Note', 0, '2020-01-23 06:02:44', '2020-01-23 06:02:44'),
(42, 'kovWccin7y', '10', 'Note', 0, '2020-01-23 06:02:44', '2020-01-23 06:02:44'),
(43, 'ZSHu1LJSS5', '10', 'Note', 0, '2020-01-23 06:02:44', '2020-01-23 06:02:44'),
(44, 'Dnk4JWxvKS', '10', 'Note', 0, '2020-01-23 06:02:44', '2020-01-23 06:02:44'),
(45, 'hd8IcfDf36', '10', 'Note', 0, '2020-01-23 06:02:44', '2020-01-23 06:02:44'),
(46, 'a8sWNNTGF5', '10', 'Note', 0, '2020-01-23 06:02:44', '2020-01-23 06:02:44'),
(47, 'rxLQ1IiYOO', '10', 'Note', 0, '2020-01-23 06:02:44', '2020-01-23 06:02:44'),
(48, 'gQkL0N2iLr', '10', 'Note', 0, '2020-01-23 06:02:44', '2020-01-23 06:02:44'),
(49, 'ZlKAISIKRO', '10', 'Note', 0, '2020-01-23 06:02:44', '2020-01-23 06:02:44'),
(50, 'ZYXTPR2gps', '10', 'Note', 0, '2020-01-23 06:02:44', '2020-01-23 06:02:44'),
(51, '1Uduc5j2Hl', '10', 'Note', 0, '2020-01-23 06:02:44', '2020-01-23 06:02:44'),
(52, 'AqeJN14hn2', '10', 'Note', 0, '2020-01-23 06:02:44', '2020-01-23 06:02:44'),
(53, 'egRiJv2lRC', '10', 'Note', 0, '2020-01-23 06:02:44', '2020-01-23 06:02:44'),
(54, '3VXOPIOI7g', '10', 'Note', 0, '2020-01-23 06:02:44', '2020-01-23 06:02:44'),
(55, 'VWgjICY3FE', '10', 'Note', 0, '2020-01-23 06:02:44', '2020-01-23 06:02:44'),
(56, 'YX15op4Vug', '10', 'Note', 0, '2020-01-23 06:02:44', '2020-01-23 06:02:44'),
(57, 'iyVMiBWcUG', '10', 'Note', 0, '2020-01-23 06:02:44', '2020-01-23 06:02:44'),
(58, 'kBLZaiALab', '10', 'Note', 0, '2020-01-23 06:02:45', '2020-01-23 06:02:45'),
(59, 'Vk3juiXAAo', '10', 'Note', 0, '2020-01-23 06:02:45', '2020-01-23 06:02:45'),
(60, 'SMvhcUFei1', '10', 'Note', 0, '2020-01-23 06:02:45', '2020-01-23 06:02:45'),
(61, 'XFSr5CHg2f', '10', 'Note', 0, '2020-01-23 06:02:45', '2020-01-23 06:02:45'),
(62, '3Jqb0M4n8P', '10', 'Note', 0, '2020-01-23 06:02:45', '2020-01-23 06:02:45'),
(63, 'J4TsJqwiAc', '10', 'Note', 0, '2020-01-23 06:02:45', '2020-01-23 06:02:45'),
(64, 'lA6hlH1ebX', '10', 'Note', 0, '2020-01-23 06:02:45', '2020-01-23 06:02:45'),
(65, 'XEDUKoSbsc', '10', 'Note', 0, '2020-01-23 06:02:45', '2020-01-23 06:02:45'),
(66, '9VyRWoRydn', '10', 'Note', 0, '2020-01-23 06:02:45', '2020-01-23 06:02:45'),
(67, 'tWx36pCpWB', '10', 'Note', 0, '2020-01-23 06:02:45', '2020-01-23 06:02:45'),
(68, '7EuJgMQELC', '10', 'Note', 0, '2020-01-23 06:02:45', '2020-01-23 06:02:45'),
(69, 'esZAevXjgg', '10', 'Note', 0, '2020-01-23 06:02:45', '2020-01-23 06:02:45'),
(70, '8u69c5FikC', '10', 'Note', 0, '2020-01-23 06:02:45', '2020-01-23 06:02:45'),
(71, '5rjtnQeDq2', '10', 'Note', 0, '2020-01-23 06:02:45', '2020-01-23 06:02:45'),
(72, '9GAtKenCtT', '10', 'Note', 0, '2020-01-23 06:02:45', '2020-01-23 06:02:45'),
(73, 'NJsubLvQWA', '10', 'Note', 0, '2020-01-23 06:02:45', '2020-01-23 06:02:45'),
(74, 'HzsWRAIRY1', '10', 'Note', 0, '2020-01-23 06:02:45', '2020-01-23 06:02:45'),
(75, 'h2uOnIC1w4', '10', 'Note', 0, '2020-01-23 06:02:45', '2020-01-23 06:02:45'),
(76, 'RR9l118Pbq', '10', 'Note', 0, '2020-01-23 06:02:45', '2020-01-23 06:02:45'),
(77, '1LK4KWvYhh', '10', 'Note', 0, '2020-01-23 06:02:45', '2020-01-23 06:02:45'),
(78, 'lKyEfgbOH4', '10', 'Note', 0, '2020-01-23 06:02:45', '2020-01-23 06:02:45'),
(79, 'NSGhaAG1d2', '10', 'Note', 0, '2020-01-23 06:02:45', '2020-01-23 06:02:45'),
(80, 'cMqkgcghbM', '10', 'Note', 0, '2020-01-23 06:02:45', '2020-01-23 06:02:45'),
(81, 'AYpxk5ZhPo', '20', 'Note', 0, '2020-01-23 06:07:38', '2020-01-23 06:07:38'),
(82, 'c9lX091Cvf', '20', 'Note', 0, '2020-01-23 06:07:38', '2020-01-23 06:07:38'),
(83, '3AfGMsFpGy', '20', 'Note', 0, '2020-01-23 06:07:38', '2020-01-23 06:07:38'),
(84, 'eiiKxLZE1q', '20', 'Note', 0, '2020-01-23 06:07:38', '2020-01-23 06:07:38'),
(85, 'OcHAqeyfIp', '20', 'Note', 0, '2020-01-23 06:07:38', '2020-01-23 06:07:38'),
(86, 'lEL4YnuHDY', '20', 'Note', 0, '2020-01-23 06:07:38', '2020-01-23 06:07:38'),
(87, 'h3LgUNw3t1', '20', 'Note', 0, '2020-01-23 06:07:38', '2020-01-23 06:07:38'),
(88, 'fo3rykXg63', '20', 'Note', 0, '2020-01-23 06:07:38', '2020-01-23 06:07:38'),
(89, 'gwYX4tJCjZ', '20', 'Note', 0, '2020-01-23 06:07:38', '2020-01-23 06:07:38'),
(90, 'xu7WJ6Nrc8', '20', 'Note', 0, '2020-01-23 06:07:38', '2020-01-23 06:07:38'),
(91, 'E1kzLJWTdj', '20', 'Note', 0, '2020-01-23 06:07:38', '2020-01-23 06:07:38'),
(92, 'u38mKkmdYR', '20', 'Note', 0, '2020-01-23 06:07:38', '2020-01-23 06:07:38'),
(93, 'OMJSqPRFHf', '20', 'Note', 0, '2020-01-23 06:07:38', '2020-01-23 06:07:38'),
(94, 'orZwhOCIFc', '20', 'Note', 0, '2020-01-23 06:07:38', '2020-01-23 06:07:38'),
(95, '19RpThahZD', '20', 'Note', 0, '2020-01-23 06:07:38', '2020-01-23 06:07:38'),
(96, 'b8RgLtX8ww', '20', 'Note', 0, '2020-01-23 06:07:38', '2020-01-23 06:07:38'),
(97, 'u5JvQmmX4X', '20', 'Note', 0, '2020-01-23 06:07:38', '2020-01-23 06:07:38'),
(98, '77V6O6RHMt', '20', 'Note', 0, '2020-01-23 06:07:38', '2020-01-23 06:07:38'),
(99, 'Irh2Z6MYuI', '20', 'Note', 0, '2020-01-23 06:07:38', '2020-01-23 06:07:38'),
(100, 'GmHdrMUxlJ', '20', 'Note', 0, '2020-01-23 06:07:38', '2020-01-23 06:07:38'),
(101, '5FvUz85x0u', '20', 'Note', 0, '2020-01-23 06:07:38', '2020-01-23 06:07:38'),
(102, 'cwpaCmZZMS', '20', 'Note', 0, '2020-01-23 06:07:38', '2020-01-23 06:07:38'),
(103, 'hf7rUUcgRU', '20', 'Note', 0, '2020-01-23 06:07:38', '2020-01-23 06:07:38'),
(104, 'tNmpgfHBgY', '20', 'Note', 0, '2020-01-23 06:07:38', '2020-01-23 06:07:38'),
(105, 'jcjBl7smnR', '20', 'Note', 0, '2020-01-23 06:07:38', '2020-01-23 06:07:38'),
(106, '2DYtApsNCl', '20', 'Note', 0, '2020-01-23 06:07:38', '2020-01-23 06:07:38'),
(107, 'urtSBquASy', '20', 'Note', 0, '2020-01-23 06:07:38', '2020-01-23 06:07:38'),
(108, 'e9DernPhVH', '20', 'Note', 0, '2020-01-23 06:07:38', '2020-01-23 06:07:38'),
(109, 'UUK2ENuz8O', '20', 'Note', 0, '2020-01-23 06:07:38', '2020-01-23 06:07:38'),
(110, 'ff7lGmdQyF', '20', 'Note', 0, '2020-01-23 06:07:38', '2020-01-23 06:07:38'),
(111, '4zJXNuFp5v', '20', 'Note', 0, '2020-01-23 06:07:38', '2020-01-23 06:07:38'),
(112, '3itwWWaRyW', '20', 'Note', 0, '2020-01-23 06:07:38', '2020-01-23 06:07:38'),
(113, 'WMM1ftQ7nM', '20', 'Note', 0, '2020-01-23 06:07:38', '2020-01-23 06:07:38'),
(114, '6uyevAj8xI', '20', 'Note', 0, '2020-01-23 06:07:38', '2020-01-23 06:07:38'),
(115, 'WbcSWWskBh', '20', 'Note', 0, '2020-01-23 06:07:38', '2020-01-23 06:07:38'),
(116, 'Oto77fdt9g', '20', 'Note', 0, '2020-01-23 06:07:38', '2020-01-23 06:07:38'),
(117, '6i4v7yWRcz', '20', 'Note', 0, '2020-01-23 06:07:38', '2020-01-23 06:07:38'),
(118, 'lbWv8Gqb9I', '20', 'Note', 0, '2020-01-23 06:07:38', '2020-01-23 06:07:38'),
(119, 'esTs96YDGC', '20', 'Note', 0, '2020-01-23 06:07:38', '2020-01-23 06:07:38'),
(120, 'tMsOXbOUDt', '20', 'Note', 0, '2020-01-23 06:07:38', '2020-01-23 06:07:38'),
(121, 'c3tPHk9e4x', '20', 'Note', 0, '2020-01-23 06:07:38', '2020-01-23 06:07:38'),
(122, 'S7MYW7mfC2', '20', 'Note', 0, '2020-01-23 06:07:38', '2020-01-23 06:07:38'),
(123, 'basI2mIZu9', '20', 'Note', 0, '2020-01-23 06:07:38', '2020-01-23 06:07:38'),
(124, 'IgFblrHyQ9', '20', 'Note', 0, '2020-01-23 06:07:38', '2020-01-23 06:07:38'),
(125, 'mH5zKZCxer', '20', 'Note', 0, '2020-01-23 06:07:38', '2020-01-23 06:07:38'),
(126, 'mZOTuEJ4HY', '20', 'Note', 0, '2020-01-23 06:07:38', '2020-01-23 06:07:38'),
(127, 'F0hsAT95Wg', '20', 'Note', 0, '2020-01-23 06:07:38', '2020-01-23 06:07:38'),
(128, 'mhKmmihnOh', '20', 'Note', 0, '2020-01-23 06:07:38', '2020-01-23 06:07:38'),
(129, 'IejFNvcLhV', '20', 'Note', 0, '2020-01-23 06:07:38', '2020-01-23 06:07:38'),
(130, '0LQON4w8ZN', '20', 'Note', 1, '2020-01-23 06:07:38', '2020-02-05 08:27:06'),
(131, 'C3KAp8ft1t', '30', 'Note', 0, '2020-01-23 06:12:10', '2020-01-23 06:12:10'),
(132, 'Gle65ejb8I', '30', 'Note', 0, '2020-01-23 06:12:10', '2020-01-23 06:12:10'),
(133, 'nyTHWznEVD', '30', 'Note', 0, '2020-01-23 06:12:10', '2020-01-23 06:12:10'),
(134, 'IevryWV5jX', '30', 'Note', 0, '2020-01-23 06:12:10', '2020-01-23 06:12:10'),
(135, 'WFdWtRVRJU', '30', 'Note', 0, '2020-01-23 06:12:10', '2020-01-23 06:12:10'),
(136, 'INm9tOArl0', '30', 'Note', 0, '2020-01-23 06:12:10', '2020-01-23 06:12:10'),
(137, 'AzErlyQczm', '30', 'Note', 0, '2020-01-23 06:12:10', '2020-01-23 06:12:10'),
(138, 'rKja0xF9oc', '30', 'Note', 0, '2020-01-23 06:12:10', '2020-01-23 06:12:10'),
(139, 'vpGMh2AFEn', '30', 'Note', 0, '2020-01-23 06:12:10', '2020-01-23 06:12:10'),
(140, 'djCbk36mAr', '30', 'Note', 0, '2020-01-23 06:12:10', '2020-01-23 06:12:10'),
(141, 'nRqYV05bFA', '30', 'Note', 0, '2020-01-23 06:12:10', '2020-01-23 06:12:10'),
(142, 'AUoXpq20zb', '30', 'Note', 0, '2020-01-23 06:12:10', '2020-01-23 06:12:10'),
(143, '0ogPz9HCUR', '30', 'Note', 0, '2020-01-23 06:12:10', '2020-01-23 06:12:10'),
(144, 'bDDSHM0fAz', '30', 'Note', 0, '2020-01-23 06:12:10', '2020-01-23 06:12:10'),
(145, 'zzno7EALR8', '30', 'Note', 0, '2020-01-23 06:12:10', '2020-01-23 06:12:10'),
(146, 'Nh6O0Pthlx', '30', 'Note', 0, '2020-01-23 06:12:10', '2020-01-23 06:12:10'),
(147, 'dsqE4xoacr', '30', 'Note', 0, '2020-01-23 06:12:10', '2020-01-23 06:12:10'),
(148, 'ldzh9PXA39', '30', 'Note', 0, '2020-01-23 06:12:10', '2020-01-23 06:12:10'),
(149, 'AUCks9qZLM', '30', 'Note', 0, '2020-01-23 06:12:10', '2020-01-23 06:12:10'),
(150, 'jqa36vXKb6', '30', 'Note', 0, '2020-01-23 06:12:10', '2020-01-23 06:12:10'),
(151, 'Zb0Bv4007f', '30', 'Note', 0, '2020-01-23 06:12:10', '2020-01-23 06:12:10'),
(152, 'kq2PpRv76L', '30', 'Note', 0, '2020-01-23 06:12:10', '2020-01-23 06:12:10'),
(153, 'Z9cnLw6sSJ', '30', 'Note', 0, '2020-01-23 06:12:10', '2020-01-23 06:12:10'),
(154, 'q3AZdBAIDf', '30', 'Note', 0, '2020-01-23 06:12:10', '2020-01-23 06:12:10'),
(155, 'v4DkO6hE7h', '30', 'Note', 0, '2020-01-23 06:12:10', '2020-01-23 06:12:10'),
(156, 'lZ29VHO553', '30', 'Note', 0, '2020-01-23 06:12:10', '2020-01-23 06:12:10'),
(157, 'n26c9YHK21', '30', 'Note', 0, '2020-01-23 06:12:10', '2020-01-23 06:12:10'),
(158, '7pu8e1QhtF', '30', 'Note', 0, '2020-01-23 06:12:10', '2020-01-23 06:12:10'),
(159, 'QOqddOJazv', '30', 'Note', 0, '2020-01-23 06:12:10', '2020-01-23 06:12:10'),
(160, 'NPlDobFGaw', '30', 'Note', 0, '2020-01-23 06:12:10', '2020-01-23 06:12:10'),
(161, '16rxYH4iQz', '30', 'Note', 0, '2020-01-23 06:12:10', '2020-01-23 06:12:10'),
(162, 'zrlUHs2Td2', '30', 'Note', 0, '2020-01-23 06:12:10', '2020-01-23 06:12:10'),
(163, '7H3wOMmwnq', '30', 'Note', 0, '2020-01-23 06:12:10', '2020-01-23 06:12:10'),
(164, 'hA9Elsfjxc', '30', 'Note', 0, '2020-01-23 06:12:10', '2020-01-23 06:12:10'),
(165, 'GV0z14RVbB', '30', 'Note', 0, '2020-01-23 06:12:10', '2020-01-23 06:12:10'),
(166, 'si4IbiJI2Q', '30', 'Note', 0, '2020-01-23 06:12:10', '2020-01-23 06:12:10'),
(167, 'Aw58wwlosM', '30', 'Note', 0, '2020-01-23 06:12:10', '2020-01-23 06:12:10'),
(168, 'x5ZpBJKOx6', '30', 'Note', 0, '2020-01-23 06:12:10', '2020-01-23 06:12:10'),
(169, 'ILkHOpZcql', '30', 'Note', 0, '2020-01-23 06:12:10', '2020-01-23 06:12:10'),
(170, 'kYR8yB7D9R', '30', 'Note', 0, '2020-01-23 06:12:10', '2020-01-23 06:12:10'),
(171, 'l2IG6uLjnJ', '30', 'Note', 0, '2020-01-23 06:12:10', '2020-01-23 06:12:10'),
(172, 'TY561kc94y', '30', 'Note', 0, '2020-01-23 06:12:10', '2020-01-23 06:12:10'),
(173, 'ncabNEixzh', '30', 'Note', 0, '2020-01-23 06:12:10', '2020-01-23 06:12:10'),
(174, 'JgZGAxWzRE', '30', 'Note', 0, '2020-01-23 06:12:10', '2020-01-23 06:12:10'),
(175, 'mwaNLcIxyg', '30', 'Note', 0, '2020-01-23 06:12:10', '2020-01-23 06:12:10'),
(176, 'qsjZSEISEm', '30', 'Note', 0, '2020-01-23 06:12:10', '2020-01-23 06:12:10'),
(177, '3lLyNmvaeY', '30', 'Note', 0, '2020-01-23 06:12:11', '2020-01-23 06:12:11'),
(178, 'Op8RemtqRz', '30', 'Note', 0, '2020-01-23 06:12:11', '2020-01-23 06:12:11'),
(179, 'dCgc2XMoHW', '30', 'Note', 0, '2020-01-23 06:12:11', '2020-01-23 06:12:11'),
(180, 'L4I47wAQCu', '30', 'Note', 0, '2020-01-23 06:12:11', '2020-01-23 06:12:11'),
(181, '50W71f4zQ1', '5', 'Note', 0, '2020-01-27 10:30:15', '2020-01-27 10:30:15'),
(182, 'THOveL1kUw', '5', 'Note', 0, '2020-01-27 10:30:15', '2020-01-27 10:30:15'),
(183, 'un5hBAVBtK', '5', 'Note', 0, '2020-01-27 10:30:15', '2020-01-27 10:30:15'),
(184, 'CmLhdhO090', '5', 'Note', 0, '2020-01-27 10:30:15', '2020-01-27 10:30:15'),
(185, 'dtWXoMq1AE', '5', 'Note', 0, '2020-01-27 10:30:15', '2020-01-27 10:30:15'),
(186, 'wPxARRCNZc', '5', 'Note', 0, '2020-01-27 10:30:15', '2020-01-27 10:30:15'),
(187, 'i6RmJ97Jsi', '5', 'Note', 0, '2020-01-27 10:30:15', '2020-01-27 10:30:15'),
(188, '4ApDi8H1Il', '5', 'Note', 0, '2020-01-27 10:30:15', '2020-01-27 10:30:15'),
(189, 'dwtegRMl0n', '5', 'Note', 0, '2020-01-27 10:30:15', '2020-01-27 10:30:15'),
(190, 'e8kxeku5t4', '5', 'Note', 0, '2020-01-27 10:30:15', '2020-01-27 10:30:15'),
(191, 'LnEeGuNckN', '5', 'Note', 0, '2020-01-27 10:30:15', '2020-01-27 10:30:15'),
(192, 'BlhLM6oziv', '5', 'Note', 0, '2020-01-27 10:30:15', '2020-01-27 10:30:15'),
(193, '89E5IJTSBX', '5', 'Note', 0, '2020-01-27 10:30:15', '2020-01-27 10:30:15'),
(194, 'vgRzPcDFTW', '5', 'Note', 0, '2020-01-27 10:30:15', '2020-01-27 10:30:15'),
(195, 'kdk64KZJSX', '5', 'Note', 0, '2020-01-27 10:30:15', '2020-01-27 10:30:15'),
(196, 'SyQgB34zqo', '5', 'Note', 0, '2020-01-27 10:30:15', '2020-01-27 10:30:15'),
(197, 'QCbXmbpJWJ', '5', 'Note', 0, '2020-01-27 10:30:15', '2020-01-27 10:30:15'),
(198, '0TOrN8CQcH', '5', 'Note', 0, '2020-01-27 10:30:15', '2020-01-27 10:30:15'),
(199, 'C8OO6UaeyD', '5', 'Note', 0, '2020-01-27 10:30:15', '2020-01-27 10:30:15'),
(200, 'jhUCiMOIBB', '5', 'Note', 0, '2020-01-27 10:30:15', '2020-01-27 10:30:15'),
(201, 'zbv5RHK2Z2', '15', 'Note', 0, '2020-01-27 10:32:58', '2020-01-27 10:32:58'),
(202, 'YVNm9R0ChA', '15', 'Note', 0, '2020-01-27 10:32:58', '2020-01-27 10:32:58'),
(203, 'cA01CHOtPP', '15', 'Note', 0, '2020-01-27 10:32:58', '2020-01-27 10:32:58'),
(204, 'HqtDQob3dM', '15', 'Note', 0, '2020-01-27 10:32:58', '2020-01-27 10:32:58'),
(205, '5o9ZeRQtc2', '15', 'Note', 0, '2020-01-27 10:32:58', '2020-01-27 10:32:58'),
(206, 'qZvyMKBeAs', '15', 'Note', 0, '2020-01-27 10:32:58', '2020-01-27 10:32:58'),
(207, 'rdiphoIyHk', '15', 'Note', 0, '2020-01-27 10:32:58', '2020-01-27 10:32:58'),
(208, 'A32yVETwRm', '15', 'Note', 0, '2020-01-27 10:32:58', '2020-01-27 10:32:58'),
(209, 'ISwTNwPa7X', '15', 'Note', 0, '2020-01-27 10:32:58', '2020-01-27 10:32:58'),
(210, 'EbguIZ5qqK', '15', 'Note', 0, '2020-01-27 10:32:58', '2020-01-27 10:32:58'),
(211, 'qgjVNc0xRD', '15', 'Note', 0, '2020-01-27 10:32:58', '2020-01-27 10:32:58'),
(212, 'nJb6RqequK', '15', 'Note', 0, '2020-01-27 10:32:58', '2020-01-27 10:32:58'),
(213, '4otimx8e4o', '15', 'Note', 0, '2020-01-27 10:32:58', '2020-01-27 10:32:58'),
(214, 'bdWC7FUPaZ', '15', 'Note', 0, '2020-01-27 10:32:58', '2020-01-27 10:32:58'),
(215, 'eIs4rRM9no', '15', 'Note', 0, '2020-01-27 10:32:58', '2020-01-27 10:32:58'),
(216, 'FwLrtkfBiD', '15', 'Note', 0, '2020-01-27 10:32:58', '2020-01-27 10:32:58'),
(217, 'jupqgP9gsf', '15', 'Note', 0, '2020-01-27 10:32:58', '2020-01-27 10:32:58'),
(218, 'duVZulF4Vd', '15', 'Note', 0, '2020-01-27 10:32:58', '2020-01-27 10:32:58'),
(219, 'GfJi1PVBq3', '15', 'Note', 0, '2020-01-27 10:32:58', '2020-01-27 10:32:58'),
(220, '6Ch3xUO0rY', '15', 'Note', 0, '2020-01-27 10:32:58', '2020-01-27 10:32:58'),
(221, 'bGGppzNA1g', '50', 'Note', 0, '2020-02-18 06:34:46', '2020-02-18 06:34:46'),
(222, 'nRchkF54VS', '50', 'Note', 0, '2020-02-18 06:34:46', '2020-02-18 06:34:46'),
(223, 'jqshb3GDsH', '50', 'Note', 0, '2020-02-18 06:34:46', '2020-02-18 06:34:46'),
(224, 'LDSAJKRrSf', '50', 'Note', 0, '2020-02-18 06:34:46', '2020-02-18 06:34:46'),
(225, 'avC34GqlU9', '50', 'Note', 0, '2020-02-18 06:34:46', '2020-02-18 06:34:46'),
(226, 'lTHInhDHCD', '50', 'Note', 0, '2020-02-18 06:34:46', '2020-02-18 06:34:46'),
(227, 'Jq71nfcCbQ', '50', 'Note', 0, '2020-02-18 06:34:46', '2020-02-18 06:34:46'),
(228, 'oIr9qeJuw4', '50', 'Note', 0, '2020-02-18 06:34:46', '2020-02-18 06:34:46'),
(229, '2Pg59rwTm5', '50', 'Note', 0, '2020-02-18 06:34:46', '2020-02-18 06:34:46'),
(230, 'QsCjshcYyD', '50', 'Note', 0, '2020-02-18 06:34:46', '2020-02-18 06:34:46'),
(231, 'H1RVvd3AI4', '50', 'Note', 0, '2020-02-18 06:34:46', '2020-02-18 06:34:46'),
(232, 'Q5BSYzcDjL', '50', 'Note', 0, '2020-02-18 06:34:46', '2020-02-18 06:34:46'),
(233, 'Qqj5iCL1Ev', '50', 'Note', 0, '2020-02-18 06:34:46', '2020-02-18 06:34:46'),
(234, 'ddYNn2tpLI', '50', 'Note', 0, '2020-02-18 06:34:46', '2020-02-18 06:34:46'),
(235, 'JU5rbkTipW', '50', 'Note', 0, '2020-02-18 06:34:46', '2020-02-18 06:34:46'),
(236, 'JbIr6oy6g8', '50', 'Note', 0, '2020-02-18 06:34:46', '2020-02-18 06:34:46'),
(237, 'NbQ5zkRlqK', '50', 'Note', 0, '2020-02-18 06:34:46', '2020-02-18 06:34:46'),
(238, 'dKEXpJ7L6a', '50', 'Note', 0, '2020-02-18 06:34:46', '2020-02-18 06:34:46'),
(239, '3rAsaD5DUq', '50', 'Note', 0, '2020-02-18 06:34:46', '2020-02-18 06:34:46'),
(240, 'i7ZoNYBBCu', '50', 'Note', 0, '2020-02-18 06:34:46', '2020-02-18 06:34:46'),
(241, 'tetChxpQtG', '50', 'Note', 0, '2020-02-18 06:34:46', '2020-02-18 06:34:46'),
(242, 'SoIF2YQZuw', '50', 'Note', 0, '2020-02-18 06:34:46', '2020-02-18 06:34:46'),
(243, '7UjIyrONZ3', '50', 'Note', 0, '2020-02-18 06:34:46', '2020-02-18 06:34:46'),
(244, 'lvC5wxaJfJ', '50', 'Note', 0, '2020-02-18 06:34:46', '2020-02-18 06:34:46'),
(245, 'NvivZ4ICii', '50', 'Note', 0, '2020-02-18 06:34:46', '2020-02-18 06:34:46'),
(246, '4qH9t5Mrd9', '50', 'Note', 0, '2020-02-18 06:34:46', '2020-02-18 06:34:46'),
(247, '0ZK0pioRIX', '50', 'Note', 0, '2020-02-18 06:34:46', '2020-02-18 06:34:46'),
(248, 'MSrJ1xVkVk', '50', 'Note', 0, '2020-02-18 06:34:46', '2020-02-18 06:34:46'),
(249, 'd7K7WxxnKr', '50', 'Note', 0, '2020-02-18 06:34:46', '2020-02-18 06:34:46'),
(250, 'OxRFdJcmTd', '50', 'Note', 0, '2020-02-18 06:34:46', '2020-02-18 06:34:46'),
(251, '7uVSOxIKYE', '50', 'Note', 0, '2020-02-18 06:34:46', '2020-02-18 06:34:46'),
(252, '3iZS51nn5e', '50', 'Note', 0, '2020-02-18 06:34:46', '2020-02-18 06:34:46'),
(253, 'g7q4OEnH6q', '50', 'Note', 0, '2020-02-18 06:34:46', '2020-02-18 06:34:46'),
(254, 'DjbmRlZbHN', '50', 'Note', 0, '2020-02-18 06:34:46', '2020-02-18 06:34:46'),
(255, 'tCuaS0VS6m', '50', 'Note', 0, '2020-02-18 06:34:46', '2020-02-18 06:34:46'),
(256, 'MP9lWOoG48', '50', 'Note', 0, '2020-02-18 06:34:46', '2020-02-18 06:34:46'),
(257, 'JxeZ5K5p1h', '50', 'Note', 0, '2020-02-18 06:34:46', '2020-02-18 06:34:46'),
(258, 'l3QfVXARhM', '50', 'Note', 0, '2020-02-18 06:34:46', '2020-02-18 06:34:46'),
(259, 'C8ZsPTOySW', '50', 'Note', 0, '2020-02-18 06:34:46', '2020-02-18 06:34:46'),
(260, 'cc6Jqn5lKy', '50', 'Note', 0, '2020-02-18 06:34:46', '2020-02-18 06:34:46'),
(261, 'u9vVYpxtZa', '50', 'Note', 0, '2020-02-18 06:34:46', '2020-02-18 06:34:46'),
(262, 'S8k75IMydQ', '50', 'Note', 0, '2020-02-18 06:34:46', '2020-02-18 06:34:46'),
(263, 'iD3K1mgU0D', '50', 'Note', 0, '2020-02-18 06:34:46', '2020-02-18 06:34:46'),
(264, 'w1oTSw0c2x', '50', 'Note', 0, '2020-02-18 06:34:46', '2020-02-18 06:34:46'),
(265, '4Vd9rAk3EF', '50', 'Note', 0, '2020-02-18 06:34:46', '2020-02-18 06:34:46'),
(266, 'NAtfnKExRM', '50', 'Note', 0, '2020-02-18 06:34:46', '2020-02-18 06:34:46'),
(267, 'ArH0hMrBSc', '50', 'Note', 0, '2020-02-18 06:34:46', '2020-02-18 06:34:46'),
(268, 'RP2zIbSojN', '50', 'Note', 0, '2020-02-18 06:34:46', '2020-02-18 06:34:46'),
(269, '6NpuDgZOXZ', '50', 'Note', 0, '2020-02-18 06:34:46', '2020-02-18 06:34:46'),
(270, 'oZKeD4Qgey', '50', 'Note', 0, '2020-02-18 06:34:46', '2020-02-18 06:34:46'),
(271, 'NMh2aVFZOk', '50', 'Note', 0, '2020-02-18 06:34:46', '2020-02-18 06:34:46'),
(272, 'lmQmW9ZLz3', '50', 'Note', 0, '2020-02-18 06:34:46', '2020-02-18 06:34:46'),
(273, 'adhilVTpyF', '50', 'Note', 0, '2020-02-18 06:34:46', '2020-02-18 06:34:46'),
(274, 'khTTBzIqxs', '50', 'Note', 0, '2020-02-18 06:34:46', '2020-02-18 06:34:46'),
(275, 'x7HserYzhO', '50', 'Note', 0, '2020-02-18 06:34:46', '2020-02-18 06:34:46'),
(276, 'ouzAJ87SdV', '50', 'Note', 0, '2020-02-18 06:34:46', '2020-02-18 06:34:46'),
(277, 'l0Nhz2ExxZ', '50', 'Note', 0, '2020-02-18 06:34:46', '2020-02-18 06:34:46'),
(278, 'AMK9JSV18J', '50', 'Note', 0, '2020-02-18 06:34:46', '2020-02-18 06:34:46'),
(279, 'WpWVTvJlB0', '50', 'Note', 0, '2020-02-18 06:34:46', '2020-02-18 06:34:46'),
(280, 'pNj9Y9a3xM', '50', 'Note', 0, '2020-02-18 06:34:46', '2020-02-18 06:34:46'),
(281, 'nKSUG49q5h', '50', 'Note', 0, '2020-02-18 06:34:46', '2020-02-18 06:34:46'),
(282, 'sSjRQQI1xw', '50', 'Note', 0, '2020-02-18 06:34:46', '2020-02-18 06:34:46'),
(283, 'GEjC0cFSs2', '50', 'Note', 0, '2020-02-18 06:34:46', '2020-02-18 06:34:46'),
(284, 'zCl0XglQWP', '50', 'Note', 0, '2020-02-18 06:34:46', '2020-02-18 06:34:46'),
(285, '58Fdtke452', '50', 'Note', 0, '2020-02-18 06:34:46', '2020-02-18 06:34:46'),
(286, 'HDOaM7dVXE', '50', 'Note', 0, '2020-02-18 06:34:46', '2020-02-18 06:34:46'),
(287, 'dd5ES9sjmL', '50', 'Note', 0, '2020-02-18 06:34:46', '2020-02-18 06:34:46'),
(288, 'fIeJk5W4om', '50', 'Note', 0, '2020-02-18 06:34:46', '2020-02-18 06:34:46'),
(289, 'MuSFwABXDb', '50', 'Note', 0, '2020-02-18 06:34:46', '2020-02-18 06:34:46'),
(290, 'qoONJvs6ya', '50', 'Note', 0, '2020-02-18 06:34:46', '2020-02-18 06:34:46'),
(291, 'dSJDBUOizI', '50', 'Note', 0, '2020-02-18 06:34:46', '2020-02-18 06:34:46'),
(292, 'ylBhKarbAY', '50', 'Note', 0, '2020-02-18 06:34:46', '2020-02-18 06:34:46'),
(293, 'S9iocwYnmm', '50', 'Note', 0, '2020-02-18 06:34:46', '2020-02-18 06:34:46'),
(294, 'lVVA7FoJLx', '50', 'Note', 0, '2020-02-18 06:34:46', '2020-02-18 06:34:46'),
(295, 'MreAT2THxm', '50', 'Note', 0, '2020-02-18 06:34:46', '2020-02-18 06:34:46'),
(296, '1Vn9rLGzxD', '50', 'Note', 0, '2020-02-18 06:34:46', '2020-02-18 06:34:46'),
(297, '59dUUjEnrt', '50', 'Note', 0, '2020-02-18 06:34:46', '2020-02-18 06:34:46'),
(298, 'rU2Z2NPVp2', '50', 'Note', 0, '2020-02-18 06:34:46', '2020-02-18 06:34:46'),
(299, 'm8aS6r83BI', '50', 'Note', 0, '2020-02-18 06:34:46', '2020-02-18 06:34:46'),
(300, 'P8HI1ocAiJ', '50', 'Note', 0, '2020-02-18 06:34:46', '2020-02-18 06:34:46'),
(301, 'y8YR11I2Sj', '50', 'Note', 0, '2020-02-18 06:34:46', '2020-02-18 06:34:46'),
(302, 'oT1jbtX5Oe', '50', 'Note', 0, '2020-02-18 06:34:46', '2020-02-18 06:34:46'),
(303, 'jBacCQ7p8r', '50', 'Note', 0, '2020-02-18 06:34:46', '2020-02-18 06:34:46'),
(304, 'qiqfWRVXi4', '50', 'Note', 0, '2020-02-18 06:34:46', '2020-02-18 06:34:46'),
(305, '4PveB2SXpv', '50', 'Note', 0, '2020-02-18 06:34:46', '2020-02-18 06:34:46'),
(306, 'kkgPtBHVFX', '50', 'Note', 0, '2020-02-18 06:34:46', '2020-02-18 06:34:46'),
(307, 'g9FXXwuZ3E', '50', 'Note', 0, '2020-02-18 06:34:46', '2020-02-18 06:34:46'),
(308, 'KsCKDLwcMO', '50', 'Note', 0, '2020-02-18 06:34:46', '2020-02-18 06:34:46'),
(309, 'pFaemFwlGT', '50', 'Note', 0, '2020-02-18 06:34:46', '2020-02-18 06:34:46'),
(310, '1AYL47zxKR', '50', 'Note', 0, '2020-02-18 06:34:46', '2020-02-18 06:34:46'),
(311, 'm8T0QktJPc', '50', 'Note', 0, '2020-02-18 06:34:46', '2020-02-18 06:34:46'),
(312, 'mBvlInbIuL', '50', 'Note', 0, '2020-02-18 06:34:46', '2020-02-18 06:34:46'),
(313, 'kiLvskV3ge', '50', 'Note', 0, '2020-02-18 06:34:46', '2020-02-18 06:34:46'),
(314, '02vs61yQTM', '50', 'Note', 0, '2020-02-18 06:34:46', '2020-02-18 06:34:46'),
(315, 'Dmunz1Jvt4', '50', 'Note', 0, '2020-02-18 06:34:46', '2020-02-18 06:34:46'),
(316, 'NqDMrtQKAi', '50', 'Note', 0, '2020-02-18 06:34:46', '2020-02-18 06:34:46'),
(317, '2ffRFxA00G', '50', 'Note', 0, '2020-02-18 06:34:46', '2020-02-18 06:34:46'),
(318, 'bIr6N83Th8', '50', 'Note', 0, '2020-02-18 06:34:46', '2020-02-18 06:34:46'),
(319, 'o6yTzCNqRC', '50', 'Note', 0, '2020-02-18 06:34:46', '2020-02-18 06:34:46'),
(320, 'Dvbwmq6oOp', '50', 'Note', 0, '2020-02-18 06:34:46', '2020-02-18 06:34:46'),
(321, 'Zor5PGrCmf', '50', 'Note', 0, '2020-02-18 06:46:51', '2020-02-18 06:46:51'),
(322, 'Hh9dTLLlhO', '50', 'Note', 0, '2020-02-18 06:46:51', '2020-02-18 06:46:51'),
(323, '9p7yrkfdMf', '50', 'Note', 0, '2020-02-18 06:46:51', '2020-02-18 06:46:51'),
(324, 'EFGPSqTT1f', '50', 'Note', 0, '2020-02-18 06:46:51', '2020-02-18 06:46:51'),
(325, 'Wz8ISmurnE', '50', 'Note', 0, '2020-02-18 06:46:51', '2020-02-18 06:46:51'),
(326, '0rkKwjIvrB', '50', 'Note', 0, '2020-02-18 06:46:51', '2020-02-18 06:46:51'),
(327, 'cvn9drJYiS', '50', 'Note', 0, '2020-02-18 06:46:51', '2020-02-18 06:46:51'),
(328, 'g8tpIA3XEg', '50', 'Note', 0, '2020-02-18 06:46:51', '2020-02-18 06:46:51'),
(329, 'b9hn3CEWdQ', '50', 'Note', 0, '2020-02-18 06:46:51', '2020-02-18 06:46:51'),
(330, 'mTMr3F7M85', '50', 'Note', 0, '2020-02-18 06:46:51', '2020-02-18 06:46:51'),
(331, 'mRnHpoofwH', '50', 'Note', 0, '2020-02-18 06:46:51', '2020-02-18 06:46:51'),
(332, '4z7LKYfq2J', '50', 'Note', 0, '2020-02-18 06:46:51', '2020-02-18 06:46:51'),
(333, 'I6hDhxVrgD', '50', 'Note', 0, '2020-02-18 06:46:51', '2020-02-18 06:46:51'),
(334, 'znuBkj7RpL', '50', 'Note', 0, '2020-02-18 06:46:51', '2020-02-18 06:46:51'),
(335, 'hIqEdrRs3y', '50', 'Note', 0, '2020-02-18 06:46:51', '2020-02-18 06:46:51'),
(336, 'y0uIFDMYwG', '50', 'Note', 0, '2020-02-18 06:46:52', '2020-02-18 06:46:52'),
(337, 'JT3q9Oc2Fu', '50', 'Note', 0, '2020-02-18 06:46:52', '2020-02-18 06:46:52'),
(338, 'ehvLL227vS', '50', 'Note', 0, '2020-02-18 06:46:52', '2020-02-18 06:46:52'),
(339, 'b3TpYWz3Iv', '50', 'Note', 0, '2020-02-18 06:46:52', '2020-02-18 06:46:52'),
(340, 'hCTRTvq6nh', '50', 'Note', 0, '2020-02-18 06:46:52', '2020-02-18 06:46:52'),
(341, 'X3P09IXUIa', '50', 'Note', 0, '2020-02-18 06:46:52', '2020-02-18 06:46:52'),
(342, 'VpykxPvxUU', '50', 'Note', 0, '2020-02-18 06:46:52', '2020-02-18 06:46:52'),
(343, 'JgPQSymPrA', '50', 'Note', 0, '2020-02-18 06:46:52', '2020-02-18 06:46:52'),
(344, 'rrv5cm7DdS', '50', 'Note', 0, '2020-02-18 06:46:52', '2020-02-18 06:46:52'),
(345, 'MEc1Jw2dfW', '50', 'Note', 0, '2020-02-18 06:46:52', '2020-02-18 06:46:52'),
(346, 'Vtwwl4B5xu', '50', 'Note', 0, '2020-02-18 06:46:52', '2020-02-18 06:46:52'),
(347, 'WT2gTFpcbk', '50', 'Note', 0, '2020-02-18 06:46:52', '2020-02-18 06:46:52'),
(348, '1sqgtOdx9q', '50', 'Note', 0, '2020-02-18 06:46:52', '2020-02-18 06:46:52'),
(349, 'jKtN1G271Y', '50', 'Note', 0, '2020-02-18 06:46:52', '2020-02-18 06:46:52'),
(350, 'V6SzYu23um', '50', 'Note', 0, '2020-02-18 06:46:52', '2020-02-18 06:46:52'),
(351, '7J1cHTKxcV', '50', 'Note', 0, '2020-02-18 06:46:52', '2020-02-18 06:46:52'),
(352, 'iB3XhyVFFu', '50', 'Note', 0, '2020-02-18 06:46:52', '2020-02-18 06:46:52'),
(353, 'YRieQg64KT', '50', 'Note', 0, '2020-02-18 06:46:52', '2020-02-18 06:46:52'),
(354, 'nLzw5LlD0e', '50', 'Note', 0, '2020-02-18 06:46:52', '2020-02-18 06:46:52'),
(355, 'TJUUTTJSiu', '50', 'Note', 0, '2020-02-18 06:46:52', '2020-02-18 06:46:52'),
(356, 'iCGuVvUPbH', '50', 'Note', 0, '2020-02-18 06:46:52', '2020-02-18 06:46:52'),
(357, 'q1Dza6EvB5', '50', 'Note', 0, '2020-02-18 06:46:52', '2020-02-18 06:46:52'),
(358, '9P8kh7sDOT', '50', 'Note', 0, '2020-02-18 06:46:52', '2020-02-18 06:46:52'),
(359, 'FoB6FzJfza', '50', 'Note', 0, '2020-02-18 06:46:52', '2020-02-18 06:46:52'),
(360, '2TFmekH6eB', '50', 'Note', 0, '2020-02-18 06:46:52', '2020-02-18 06:46:52'),
(361, 'JFMK5F36rM', '50', 'Note', 0, '2020-02-18 06:46:52', '2020-02-18 06:46:52'),
(362, 'godDxvA34m', '50', 'Note', 0, '2020-02-18 06:46:52', '2020-02-18 06:46:52'),
(363, 'cXyPP5Qzjl', '50', 'Note', 0, '2020-02-18 06:46:52', '2020-02-18 06:46:52'),
(364, 'u21Vy4pZ0j', '50', 'Note', 0, '2020-02-18 06:46:52', '2020-02-18 06:46:52'),
(365, 'y1XIr1EMel', '50', 'Note', 0, '2020-02-18 06:46:52', '2020-02-18 06:46:52'),
(366, 'M1Jaqxb5qR', '50', 'Note', 0, '2020-02-18 06:46:52', '2020-02-18 06:46:52'),
(367, 'bTIrmdOpCe', '50', 'Note', 0, '2020-02-18 06:46:52', '2020-02-18 06:46:52'),
(368, 'uaTyBPrxoi', '50', 'Note', 0, '2020-02-18 06:46:52', '2020-02-18 06:46:52'),
(369, 'PBhuSomLPn', '50', 'Note', 0, '2020-02-18 06:46:52', '2020-02-18 06:46:52'),
(370, 'swAgnS9MaM', '50', 'Note', 0, '2020-02-18 06:46:52', '2020-02-18 06:46:52'),
(372, 'hwh5yvxdpD', '99.9', 'kgjhgj', 1, '2020-02-24 10:08:16', '2020-02-24 10:10:43'),
(373, 'mjRGtKbOA6', '99.99', 'deneme', 1, '2020-02-24 12:04:58', '2020-02-25 07:38:55'),
(374, 'qqKmiNjhl6', '99.99', 'deneme', 1, '2020-02-24 12:04:58', '2020-02-24 12:19:38'),
(375, 'rhHnhdNmQS', '52', 'sahinde miramoglu', 1, '2020-02-25 07:45:00', '2020-02-25 07:54:36'),
(376, 'kKcEGoUWil', '20', 'sahinde miramoglu', 0, '2020-02-25 07:45:42', '2020-02-25 07:45:42'),
(377, 'TDmRq122nZ', '99.99', 'for test - laith -', 1, '2020-02-27 11:56:03', '2020-02-27 11:57:58'),
(378, 'vwRrz4roR3', '99.99', 'dasd sad sa', 1, '2020-02-27 12:06:08', '2020-02-27 12:08:19'),
(379, '3xaSvV0WAz', '99.99', 'for test - laith - 2', 1, '2020-02-27 12:10:22', '2020-02-27 12:12:43'),
(380, 'ziWPev6K6r', '99.99', 'dsadsa d', 1, '2020-02-27 12:10:50', '2020-02-27 12:12:22'),
(381, 'iBX5Q2EFAL', '99.99', 'for test - laith - 3', 1, '2020-02-27 12:14:59', '2020-02-27 12:16:12'),
(382, 'j7dP6wVJ77', '99.99', 'for test - laith - 4', 1, '2020-02-27 12:22:40', '2020-02-27 12:24:03'),
(383, '2HkC2RL69Y', '99.99', 'dsadsa', 1, '2020-02-27 13:27:59', '2020-02-27 13:28:55'),
(384, 'yMEcYbenjL', '99.99', 'erdi keles', 0, '2020-02-28 10:36:04', '2020-02-28 10:36:04'),
(385, 'xTZMTCTKRc', '99.99', 'erdi keles', 1, '2020-02-28 10:36:04', '2020-02-28 10:40:24');

-- --------------------------------------------------------

--
-- Table structure for table `dietitians`
--

CREATE TABLE `dietitians` (
  `id` bigint(20) UNSIGNED NOT NULL,
  `name` varchar(255) COLLATE utf8mb4_unicode_ci NOT NULL,
  `email` varchar(255) COLLATE utf8mb4_unicode_ci NOT NULL,
  `email_verified_at` timestamp NULL DEFAULT NULL,
  `password` varchar(255) COLLATE utf8mb4_unicode_ci NOT NULL,
  `reference_code` varchar(255) COLLATE utf8mb4_unicode_ci DEFAULT NULL,
  `address` varchar(255) COLLATE utf8mb4_unicode_ci DEFAULT NULL,
  `phone` varchar(255) COLLATE utf8mb4_unicode_ci DEFAULT NULL,
  `remember_token` varchar(100) COLLATE utf8mb4_unicode_ci DEFAULT NULL,
  `deleted_at` timestamp NULL DEFAULT NULL,
  `created_at` timestamp NULL DEFAULT NULL,
  `updated_at` timestamp NULL DEFAULT NULL
) ENGINE=InnoDB DEFAULT CHARSET=utf8mb4 COLLATE=utf8mb4_unicode_ci;

-- --------------------------------------------------------

--
-- Table structure for table `errors`
--

CREATE TABLE `errors` (
  `id` bigint(20) UNSIGNED NOT NULL,
  `json_string` longtext COLLATE utf8mb4_unicode_ci NOT NULL,
  `model` varchar(255) COLLATE utf8mb4_unicode_ci NOT NULL,
  `created_at` timestamp NULL DEFAULT NULL,
  `updated_at` timestamp NULL DEFAULT NULL
) ENGINE=InnoDB DEFAULT CHARSET=utf8mb4 COLLATE=utf8mb4_unicode_ci;

--
-- Dumping data for table `errors`
--

INSERT INTO `errors` (`id`, `json_string`, `model`, `created_at`, `updated_at`) VALUES
(2, '{\"TRANID\":null,\"PAResSyntaxOK\":\"true\",\"Filce\":\"\\u015ei\\u015fli\",\"firmaadi\":\"EnBiosis\",\"islemtipi\":\"Auth\",\"total1\":\"7.50\",\"lang\":\"tr\",\"merchantID\":\"400940535\",\"maskedCreditCard\":\"5440 78** **** 9018\",\"amount\":\"1299\",\"sID\":\"2\",\"ACQBIN\":\"510138\",\"itemnumber1\":\"a1\",\"Ecom_Payment_Card_ExpDate_Year\":\"20\",\"storekey\":\"ENDIET19\",\"MaskedPan\":\"544078***9018\",\"Fadres\":\"Harbiye, Atiye Sokak. Kat: 2 No:8, \\u015ei\\u015fli\\/Istanbul\",\"clientIp\":\"3.124.196.24\",\"iReqDetail\":null,\"okUrl\":\"http:\\/\\/www.enbiosis.com\\/checkout-result\",\"md\":\"544078:A4C76A2D6F8C3D26CFD885974AFEA5574AC051DC531F313C7639A45EC29832A4:3934:##400940535\",\"clientId\":\"400940535\",\"vendorCode\":null,\"taksit\":null,\"productcode1\":\"a2\",\"Fil\":\"Istanbul\",\"Ecom_Payment_Card_ExpDate_Month\":\"01\",\"storetype\":\"3d_pay\",\"iReqCode\":null,\"tulkekod\":\"tr\",\"mdErrorMsg\":\"Not authenticated\",\"PAResVerified\":\"false\",\"cavv\":null,\"id1\":\"a5\",\"digest\":\"digest\",\"callbackCall\":\"true\",\"failUrl\":\"http:\\/\\/www.enbiosis.com\\/checkout-result\",\"cavvAlgorithm\":null,\"Fpostakodu\":\"postakod34367\",\"price1\":\"6.25\",\"faturaFirma\":\"faturaFirma\",\"xid\":\"CoR+pJ5ojfFwLKcVrkovIiohNGY=\",\"encoding\":\"ISO-8859-9\",\"oid\":null,\"mdStatus\":\"0\",\"dsId\":\"2\",\"eci\":null,\"version\":\"2.0\",\"Fadres2\":\"XXX\",\"Fismi\":\"is\",\"qty1\":\"3\",\"desc1\":\"a4 desc\",\"txstatus\":\"N\",\"_charset_\":\"utf-8\",\"HASH\":\"h1imWpD8hK65bZQw\\/BjlQDFXV2E=\",\"rnd\":\"pYb0\\/wXGCP8rzXnUQT5Y\",\"HASHPARAMS\":\"clientid:oid:mdStatus:cavv:eci:md:rnd:\",\"HASHPARAMSVAL\":\"4009405350544078:A4C76A2D6F8C3D26CFD885974AFEA5574AC051DC531F313C7639A45EC29832A4:3934:##400940535pYb0\\/wXGCP8rzXnUQT5Y\"}', 'payment', '2020-01-16 07:20:56', '2020-01-16 07:20:56'),
(3, '{\"TRANID\":null,\"PAResSyntaxOK\":\"true\",\"Filce\":\"\\u015ei\\u015fli\",\"firmaadi\":\"EnBiosis\",\"islemtipi\":\"Auth\",\"total1\":\"7.50\",\"lang\":\"tr\",\"merchantID\":\"400940535\",\"maskedCreditCard\":\"5355 76** **** 8256\",\"amount\":\"6495\",\"sID\":\"2\",\"ACQBIN\":\"510138\",\"itemnumber1\":\"a1\",\"Ecom_Payment_Card_ExpDate_Year\":\"23\",\"storekey\":\"ENDIET19\",\"MaskedPan\":\"535576***8256\",\"Fadres\":\"Harbiye, Atiye Sokak. Kat: 2 No:8, \\u015ei\\u015fli\\/Istanbul\",\"clientIp\":\"3.124.196.24\",\"iReqDetail\":null,\"okUrl\":\"http:\\/\\/enbiosis.com\\/checkout-result\",\"md\":\"535576:2501A12D724408ED725811C8EF83351BBE08B777AEDE7C9CA0004A3D0BB53187:3387:##400940535\",\"clientId\":\"400940535\",\"vendorCode\":null,\"taksit\":null,\"productcode1\":\"a2\",\"Fil\":\"Istanbul\",\"Ecom_Payment_Card_ExpDate_Month\":\"08\",\"storetype\":\"3d_pay\",\"iReqCode\":null,\"tulkekod\":\"tr\",\"mdErrorMsg\":\"Not authenticated\",\"PAResVerified\":\"false\",\"cavv\":null,\"id1\":\"a5\",\"digest\":\"digest\",\"callbackCall\":\"true\",\"failUrl\":\"http:\\/\\/enbiosis.com\\/checkout-result\",\"cavvAlgorithm\":null,\"Fpostakodu\":\"postakod34367\",\"price1\":\"6.25\",\"faturaFirma\":\"faturaFirma\",\"xid\":\"Hyr8u4Eojjg\\/MpXxaezyR8WhpfY=\",\"encoding\":\"ISO-8859-9\",\"oid\":null,\"mdStatus\":\"0\",\"dsId\":\"2\",\"eci\":null,\"version\":\"2.0\",\"Fadres2\":\"XXX\",\"Fismi\":\"is\",\"qty1\":\"3\",\"desc1\":\"a4 desc\",\"txstatus\":\"N\",\"_charset_\":\"UTF-8\",\"HASH\":\"Zc0rE3tYurW3VSssB26gTpvzT0c=\",\"rnd\":\"4hd6nVxIkyGPudJXnhRV\",\"HASHPARAMS\":\"clientid:oid:mdStatus:cavv:eci:md:rnd:\",\"HASHPARAMSVAL\":\"4009405350535576:2501A12D724408ED725811C8EF83351BBE08B777AEDE7C9CA0004A3D0BB53187:3387:##4009405354hd6nVxIkyGPudJXnhRV\"}', 'payment', '2020-01-16 17:03:43', '2020-01-16 17:03:43'),
(4, '{\"ReturnOid\":\"ORDER-20020MGLB04018366\",\"Filce\":\"\\u015ei\\u015fli\",\"firmaadi\":\"EnBiosis\",\"islemtipi\":\"Auth\",\"total1\":\"7.50\",\"lang\":\"tr\",\"maskedCreditCard\":\"4022 78** **** 5320\",\"amount\":\"2295\",\"itemnumber1\":\"a1\",\"Ecom_Payment_Card_ExpDate_Year\":\"24\",\"EXTRA_CARDBRAND\":\"VISA\",\"storekey\":\"ENDIET19\",\"MaskedPan\":\"402278***5320\",\"acqStan\":\"000043\",\"Fadres\":\"Harbiye, Atiye Sokak. Kat: 2 No:8, \\u015ei\\u015fli\\/Istanbul\",\"clientIp\":\"3.124.196.24\",\"okUrl\":\"http:\\/\\/www.enbiosis.com\\/checkout-result\",\"md\":\"402278:FC115957C4F1C69CB6BF9FB9B452A4DFBC031A6BA6F15B9633E74A0C92F639A4:4555:##400940535\",\"ProcReturnCode\":\"93\",\"clientId\":\"400940535\",\"taksit\":null,\"TransId\":\"20020MGLB04018368\",\"EXTRA_TRXDATE\":\"20200120 12:06:11\",\"productcode1\":\"a2\",\"Fil\":\"Istanbul\",\"Ecom_Payment_Card_ExpDate_Month\":\"10\",\"storetype\":\"3d_pay\",\"Response\":\"Declined\",\"tulkekod\":\"tr\",\"SettleId\":\"102\",\"mdErrorMsg\":\"Success\",\"ErrMsg\":\"Kart\\u0131n\\u0131z e-ticaret i\\u015flemlerine kapal\\u0131d\\u0131r. Bankan\\u0131z\\u0131 aray\\u0131n\\u0131z.\",\"EXTRA_SGKTUTAR\":\"2295.0\",\"cavv\":\"ABIBAzkAAJK3ACKVAAAAAAAAAAA=\",\"id1\":\"a5\",\"HostRefNum\":\"002012297557\",\"callbackCall\":\"true\",\"AuthCode\":null,\"failUrl\":\"http:\\/\\/www.enbiosis.com\\/checkout-result\",\"Fpostakodu\":\"postakod34367\",\"price1\":\"6.25\",\"faturaFirma\":\"faturaFirma\",\"xid\":\"SYb1eFOijhzTdKtTgSzSUHCZ7FU=\",\"encoding\":\"ISO-8859-9\",\"oid\":null,\"mdStatus\":\"1\",\"eci\":\"02\",\"Fadres2\":\"XXX\",\"Fismi\":\"is\",\"qty1\":\"3\",\"desc1\":\"a4 desc\",\"EXTRA_CARDISSUER\":\"FINANSBANK A.S.\",\"HASH\":\"AIP3Xkay\\/xU2\\/RQe1y\\/5abXTna0=\",\"rnd\":\"MslbV1SKW\\/XNQmIaUW6T\",\"HASHPARAMS\":\"clientid:oid:AuthCode:ProcReturnCode:Response:mdStatus:cavv:eci:md:rnd:\",\"HASHPARAMSVAL\":\"40094053593Declined1ABIBAzkAAJK3ACKVAAAAAAAAAAA=02402278:FC115957C4F1C69CB6BF9FB9B452A4DFBC031A6BA6F15B9633E74A0C92F639A4:4555:##400940535MslbV1SKW\\/XNQmIaUW6T\"}', 'payment', '2020-01-20 06:06:16', '2020-01-20 06:06:16'),
(5, '{\"Filce\":\"\\u015ei\\u015fli\",\"firmaadi\":\"EnBiosis\",\"islemtipi\":\"Auth\",\"total1\":\"7.50\",\"lang\":\"tr\",\"maskedCreditCard\":\"4022 78** **** 5320\",\"amount\":\"2295\",\"itemnumber1\":\"a1\",\"Ecom_Payment_Card_ExpDate_Year\":\"24\",\"storekey\":\"ENDIET19\",\"MaskedPan\":\"402278***5320\",\"Fadres\":\"Harbiye, Atiye Sokak. Kat: 2 No:8, \\u015ei\\u015fli\\/Istanbul\",\"clientIp\":\"3.124.196.24\",\"okUrl\":\"http:\\/\\/www.enbiosis.com\\/checkout-result\",\"md\":\"402278:AF7136573C9E58E22C513608A73B889F3F7A3136D2C97BF676D4EBFECD584564:4018:##400940535\",\"clientId\":\"400940535\",\"taksit\":null,\"productcode1\":\"a2\",\"Fil\":\"Istanbul\",\"Ecom_Payment_Card_ExpDate_Month\":\"10\",\"storetype\":\"3d_pay\",\"tulkekod\":\"tr\",\"mdErrorMsg\":\"User Gave Up\",\"cavv\":null,\"id1\":\"a5\",\"callbackCall\":\"true\",\"failUrl\":\"http:\\/\\/www.enbiosis.com\\/checkout-result\",\"Fpostakodu\":\"postakod34367\",\"price1\":\"6.25\",\"faturaFirma\":\"faturaFirma\",\"xid\":\"TTcYGPKQiqDrLjcJX0pyoAu618I=\",\"encoding\":\"ISO-8859-9\",\"oid\":null,\"mdStatus\":\"0\",\"eci\":\"00\",\"Fadres2\":\"XXX\",\"Fismi\":\"is\",\"qty1\":\"3\",\"desc1\":\"a4 desc\",\"HASH\":\"YKUUpaLfMYPt4Asz7upP8t7kVIo=\",\"rnd\":\"EaA3JYEA02rdPrBDLMSW\",\"HASHPARAMS\":\"clientid:oid:mdStatus:cavv:eci:md:rnd:\",\"HASHPARAMSVAL\":\"400940535000402278:AF7136573C9E58E22C513608A73B889F3F7A3136D2C97BF676D4EBFECD584564:4018:##400940535EaA3JYEA02rdPrBDLMSW\"}', 'payment', '2020-01-20 06:15:52', '2020-01-20 06:15:52'),
(6, '{\"TRANID\":null,\"PAResSyntaxOK\":\"true\",\"Filce\":\"\\u015ei\\u015fli\",\"firmaadi\":\"EnBiosis\",\"islemtipi\":\"Auth\",\"total1\":\"7.50\",\"lang\":\"tr\",\"merchantID\":\"400940535\",\"maskedCreditCard\":\"5355 76** **** 8256\",\"amount\":\"1299\",\"sID\":\"2\",\"ACQBIN\":\"510138\",\"itemnumber1\":\"a1\",\"Ecom_Payment_Card_ExpDate_Year\":\"28\",\"storekey\":\"ENDIET19\",\"MaskedPan\":\"535576***8256\",\"Fadres\":\"Harbiye, Atiye Sokak. Kat: 2 No:8, \\u015ei\\u015fli\\/Istanbul\",\"clientIp\":\"3.124.196.24\",\"iReqDetail\":null,\"okUrl\":\"http:\\/\\/enbiosis.com\\/checkout-result\",\"md\":\"535576:15ED622DF72181819B73BC270FD4C4B32520E77214265FF4B189717FEB2283BD:3992:##400940535\",\"clientId\":\"400940535\",\"vendorCode\":null,\"taksit\":null,\"productcode1\":\"a2\",\"Fil\":\"Istanbul\",\"Ecom_Payment_Card_ExpDate_Month\":\"06\",\"storetype\":\"3d_pay\",\"iReqCode\":null,\"tulkekod\":\"tr\",\"mdErrorMsg\":\"Not authenticated\",\"PAResVerified\":\"false\",\"cavv\":null,\"id1\":\"a5\",\"digest\":\"digest\",\"callbackCall\":\"true\",\"failUrl\":\"http:\\/\\/enbiosis.com\\/checkout-result\",\"cavvAlgorithm\":null,\"Fpostakodu\":\"postakod34367\",\"price1\":\"6.25\",\"faturaFirma\":\"faturaFirma\",\"xid\":\"k89OFB9LFtA9gMBSqz5Zq9O1V3Q=\",\"encoding\":\"ISO-8859-9\",\"oid\":null,\"mdStatus\":\"0\",\"dsId\":\"2\",\"eci\":null,\"version\":\"2.0\",\"Fadres2\":\"XXX\",\"Fismi\":\"is\",\"qty1\":\"3\",\"desc1\":\"a4 desc\",\"txstatus\":\"N\",\"_charset_\":\"UTF-8\",\"HASH\":\"crMy7U+HHf9QKp\\/Eq5n3ciTI\\/iE=\",\"rnd\":\"86AD2fIAA7AVJapJlISI\",\"HASHPARAMS\":\"clientid:oid:mdStatus:cavv:eci:md:rnd:\",\"HASHPARAMSVAL\":\"4009405350535576:15ED622DF72181819B73BC270FD4C4B32520E77214265FF4B189717FEB2283BD:3992:##40094053586AD2fIAA7AVJapJlISI\"}', 'payment', '2020-01-23 04:50:44', '2020-01-23 04:50:44'),
(7, '{\"TRANID\":null,\"PAResSyntaxOK\":\"true\",\"Filce\":\"\\u015ei\\u015fli\",\"firmaadi\":\"EnBiosis\",\"islemtipi\":\"Auth\",\"total1\":\"7.50\",\"lang\":\"tr\",\"merchantID\":\"400940535\",\"maskedCreditCard\":\"5355 76** **** 8256\",\"amount\":\"1299\",\"sID\":\"2\",\"ACQBIN\":\"510138\",\"itemnumber1\":\"a1\",\"Ecom_Payment_Card_ExpDate_Year\":\"36\",\"storekey\":\"ENDIET19\",\"MaskedPan\":\"535576***8256\",\"Fadres\":\"Harbiye, Atiye Sokak. Kat: 2 No:8, \\u015ei\\u015fli\\/Istanbul\",\"clientIp\":\"3.124.196.24\",\"iReqDetail\":null,\"okUrl\":\"http:\\/\\/enbiosis.com\\/checkout-result\",\"md\":\"535576:FE2FC2F70D5A7064C849DD7970A56D2A2F83C4FFBD4E7E0A62A3B339512A846D:3993:##400940535\",\"clientId\":\"400940535\",\"vendorCode\":null,\"taksit\":null,\"productcode1\":\"a2\",\"Fil\":\"Istanbul\",\"Ecom_Payment_Card_ExpDate_Month\":\"02\",\"storetype\":\"3d_pay\",\"iReqCode\":null,\"tulkekod\":\"tr\",\"mdErrorMsg\":\"Not authenticated\",\"PAResVerified\":\"false\",\"cavv\":null,\"id1\":\"a5\",\"digest\":\"digest\",\"callbackCall\":\"true\",\"failUrl\":\"http:\\/\\/enbiosis.com\\/checkout-result\",\"cavvAlgorithm\":null,\"Fpostakodu\":\"postakod34367\",\"price1\":\"6.25\",\"faturaFirma\":\"faturaFirma\",\"xid\":\"p7U\\/XPPhUdBT9JfREYhALF80eZ4=\",\"encoding\":\"ISO-8859-9\",\"oid\":null,\"mdStatus\":\"0\",\"dsId\":\"2\",\"eci\":null,\"version\":\"2.0\",\"Fadres2\":\"XXX\",\"Fismi\":\"is\",\"qty1\":\"3\",\"desc1\":\"a4 desc\",\"txstatus\":\"N\",\"_charset_\":\"UTF-8\",\"HASH\":\"zpj+JCuZARH5p9GYLnopkZII8Jk=\",\"rnd\":\"m1WGwcznf3teLQXRgJUx\",\"HASHPARAMS\":\"clientid:oid:mdStatus:cavv:eci:md:rnd:\",\"HASHPARAMSVAL\":\"4009405350535576:FE2FC2F70D5A7064C849DD7970A56D2A2F83C4FFBD4E7E0A62A3B339512A846D:3993:##400940535m1WGwcznf3teLQXRgJUx\"}', 'payment', '2020-01-23 04:51:29', '2020-01-23 04:51:29'),
(8, '{\"TRANID\":null,\"PAResSyntaxOK\":\"true\",\"Filce\":\"\\u015ei\\u015fli\",\"firmaadi\":\"EnBiosis\",\"islemtipi\":\"Auth\",\"total1\":\"7.50\",\"lang\":\"tr\",\"merchantID\":\"400940535\",\"maskedCreditCard\":\"5355 76** **** 8256\",\"amount\":\"1299\",\"sID\":\"2\",\"ACQBIN\":\"510138\",\"itemnumber1\":\"a1\",\"Ecom_Payment_Card_ExpDate_Year\":\"20\",\"storekey\":\"ENDIET19\",\"MaskedPan\":\"535576***8256\",\"Fadres\":\"Harbiye, Atiye Sokak. Kat: 2 No:8, \\u015ei\\u015fli\\/Istanbul\",\"clientIp\":\"3.124.196.24\",\"iReqDetail\":null,\"okUrl\":\"http:\\/\\/enbiosis.com\\/checkout-result\",\"md\":\"535576:EEE574F46850624B0F94C7401252338CE21B322BB8178C46B6D2C0F50E4026C1:3802:##400940535\",\"clientId\":\"400940535\",\"vendorCode\":null,\"taksit\":null,\"productcode1\":\"a2\",\"Fil\":\"Istanbul\",\"Ecom_Payment_Card_ExpDate_Month\":\"01\",\"storetype\":\"3d_pay\",\"iReqCode\":null,\"tulkekod\":\"tr\",\"mdErrorMsg\":\"Not authenticated\",\"PAResVerified\":\"false\",\"cavv\":null,\"id1\":\"a5\",\"digest\":\"digest\",\"callbackCall\":\"true\",\"failUrl\":\"http:\\/\\/enbiosis.com\\/checkout-result\",\"cavvAlgorithm\":null,\"Fpostakodu\":\"postakod34367\",\"price1\":\"6.25\",\"faturaFirma\":\"faturaFirma\",\"xid\":\"ZvvtcJxgSxkjEIRVyW1rEoadsbw=\",\"encoding\":\"ISO-8859-9\",\"oid\":null,\"mdStatus\":\"0\",\"dsId\":\"2\",\"eci\":null,\"version\":\"2.0\",\"Fadres2\":\"XXX\",\"Fismi\":\"is\",\"qty1\":\"3\",\"desc1\":\"a4 desc\",\"txstatus\":\"N\",\"_charset_\":\"UTF-8\",\"HASH\":\"hhvFxDrBICgELdYQkyQhbg3EdLc=\",\"rnd\":\"G1hLAkoCfyyKiYWFO4F2\",\"HASHPARAMS\":\"clientid:oid:mdStatus:cavv:eci:md:rnd:\",\"HASHPARAMSVAL\":\"4009405350535576:EEE574F46850624B0F94C7401252338CE21B322BB8178C46B6D2C0F50E4026C1:3802:##400940535G1hLAkoCfyyKiYWFO4F2\"}', 'payment', '2020-01-23 04:52:17', '2020-01-23 04:52:17'),
(9, '{\"TRANID\":null,\"PAResSyntaxOK\":\"true\",\"Filce\":\"\\u015ei\\u015fli\",\"firmaadi\":\"EnBiosis\",\"islemtipi\":\"Auth\",\"total1\":\"7.50\",\"lang\":\"tr\",\"merchantID\":\"400940535\",\"maskedCreditCard\":\"5355 76** **** 8256\",\"amount\":\"1299\",\"sID\":\"2\",\"ACQBIN\":\"510138\",\"itemnumber1\":\"a1\",\"Ecom_Payment_Card_ExpDate_Year\":\"29\",\"storekey\":\"ENDIET19\",\"MaskedPan\":\"535576***8256\",\"Fadres\":\"Harbiye, Atiye Sokak. Kat: 2 No:8, \\u015ei\\u015fli\\/Istanbul\",\"clientIp\":\"3.124.196.24\",\"iReqDetail\":null,\"okUrl\":\"http:\\/\\/enbiosis.com\\/checkout-result\",\"md\":\"535576:EFE042FBEE0C97A97FAEAD02EB3B9376012C0B164FACF76FE6226EAEE2B22B95:4216:##400940535\",\"clientId\":\"400940535\",\"vendorCode\":null,\"taksit\":null,\"productcode1\":\"a2\",\"Fil\":\"Istanbul\",\"Ecom_Payment_Card_ExpDate_Month\":\"08\",\"storetype\":\"3d_pay\",\"iReqCode\":null,\"tulkekod\":\"tr\",\"mdErrorMsg\":\"Not authenticated\",\"PAResVerified\":\"false\",\"cavv\":null,\"id1\":\"a5\",\"digest\":\"digest\",\"callbackCall\":\"true\",\"failUrl\":\"http:\\/\\/enbiosis.com\\/checkout-result\",\"cavvAlgorithm\":null,\"Fpostakodu\":\"postakod34367\",\"price1\":\"6.25\",\"faturaFirma\":\"faturaFirma\",\"xid\":\"bI+ZFI\\/As1y0xcsumvSP+u4+pwg=\",\"encoding\":\"ISO-8859-9\",\"oid\":null,\"mdStatus\":\"0\",\"dsId\":\"2\",\"eci\":null,\"version\":\"2.0\",\"Fadres2\":\"XXX\",\"Fismi\":\"is\",\"qty1\":\"3\",\"desc1\":\"a4 desc\",\"txstatus\":\"N\",\"_charset_\":\"UTF-8\",\"HASH\":\"llxhU6dVQk\\/l0SJauq1s0QkgjXM=\",\"rnd\":\"9FXA9NXFZ9obWFn5Kooe\",\"HASHPARAMS\":\"clientid:oid:mdStatus:cavv:eci:md:rnd:\",\"HASHPARAMSVAL\":\"4009405350535576:EFE042FBEE0C97A97FAEAD02EB3B9376012C0B164FACF76FE6226EAEE2B22B95:4216:##4009405359FXA9NXFZ9obWFn5Kooe\"}', 'payment', '2020-01-25 18:13:21', '2020-01-25 18:13:21'),
(10, '{\"TRANID\":null,\"PAResSyntaxOK\":\"true\",\"Filce\":\"\\u015ei\\u015fli\",\"firmaadi\":\"EnBiosis\",\"islemtipi\":\"Auth\",\"total1\":\"7.50\",\"lang\":\"tr\",\"merchantID\":\"400940535\",\"maskedCreditCard\":\"5549 60** **** 9038\",\"amount\":\"2925\",\"sID\":\"2\",\"ACQBIN\":\"510138\",\"itemnumber1\":\"a1\",\"Ecom_Payment_Card_ExpDate_Year\":\"20\",\"storekey\":\"ENDIET19\",\"MaskedPan\":\"554960***9038\",\"Fadres\":\"Harbiye, Atiye Sokak. Kat: 2 No:8, \\u015ei\\u015fli\\/Istanbul\",\"clientIp\":\"3.124.196.24\",\"iReqDetail\":null,\"okUrl\":\"http:\\/\\/www.enbiosis.com\\/checkout-result\",\"md\":\"554960:A68FBDF09DBD46B1F2F665F88C2202F514058DFE48FD4549AFEB9BEE54DF3C5A:4736:##400940535\",\"clientId\":\"400940535\",\"vendorCode\":null,\"taksit\":null,\"productcode1\":\"a2\",\"Fil\":\"Istanbul\",\"Ecom_Payment_Card_ExpDate_Month\":\"01\",\"storetype\":\"3d_pay\",\"iReqCode\":null,\"tulkekod\":\"tr\",\"mdErrorMsg\":\"Not authenticated\",\"PAResVerified\":\"false\",\"cavv\":null,\"id1\":\"a5\",\"digest\":\"digest\",\"callbackCall\":\"true\",\"failUrl\":\"http:\\/\\/www.enbiosis.com\\/checkout-result\",\"cavvAlgorithm\":null,\"Fpostakodu\":\"postakod34367\",\"price1\":\"6.25\",\"faturaFirma\":\"faturaFirma\",\"xid\":\"YPUxZPt3Hd\\/LjXm4BzkorrM6XAs=\",\"encoding\":\"ISO-8859-9\",\"oid\":null,\"mdStatus\":\"0\",\"dsId\":\"2\",\"eci\":null,\"version\":\"2.0\",\"Fadres2\":\"XXX\",\"Fismi\":\"is\",\"qty1\":\"3\",\"desc1\":\"a4 desc\",\"txstatus\":\"N\",\"_charset_\":\"UTF-8\",\"HASH\":\"ApB3jtRFR+nk4ykkhJxiEF7ea54=\",\"rnd\":\"9bztyKNwMNqnLh2QFy+L\",\"HASHPARAMS\":\"clientid:oid:mdStatus:cavv:eci:md:rnd:\",\"HASHPARAMSVAL\":\"4009405350554960:A68FBDF09DBD46B1F2F665F88C2202F514058DFE48FD4549AFEB9BEE54DF3C5A:4736:##4009405359bztyKNwMNqnLh2QFy+L\"}', 'payment', '2020-01-28 09:16:12', '2020-01-28 09:16:12'),
(11, '{\"ReturnOid\":\"ORDER-20030RkwJ04011696\",\"Filce\":\"\\u015ei\\u015fli\",\"firmaadi\":\"EnBiosis\",\"islemtipi\":\"Auth\",\"total1\":\"7.50\",\"lang\":\"tr\",\"maskedCreditCard\":\"5406 68** **** 5749\",\"amount\":\"2925\",\"itemnumber1\":\"a1\",\"Ecom_Payment_Card_ExpDate_Year\":\"24\",\"EXTRA_CARDBRAND\":\"MASTERCARD\",\"storekey\":\"ENDIET19\",\"MaskedPan\":\"540668***5749\",\"acqStan\":\"000052\",\"Fadres\":\"Harbiye, Atiye Sokak. Kat: 2 No:8, \\u015ei\\u015fli\\/Istanbul\",\"EXTRA_CAVVRESULTCODE\":\"2\",\"clientIp\":\"3.124.196.24\",\"okUrl\":\"http:\\/\\/www.enbiosis.com\\/checkout-result\",\"md\":\"540668:C1B6E66D9DFBBD16BF16A04A7B24B49EF93E34D764801D77524E171561AB292F:3791:##400940535\",\"ProcReturnCode\":\"51\",\"clientId\":\"400940535\",\"taksit\":null,\"TransId\":\"20030RkxA04011698\",\"EXTRA_TRXDATE\":\"20200130 17:36:48\",\"productcode1\":\"a2\",\"Fil\":\"Istanbul\",\"Ecom_Payment_Card_ExpDate_Month\":\"03\",\"storetype\":\"3d_pay\",\"Response\":\"Declined\",\"tulkekod\":\"tr\",\"SettleId\":\"112\",\"mdErrorMsg\":\"Success\",\"ErrMsg\":\"Limit Yetersiz.\",\"EXTRA_SGKTUTAR\":\"2925.0\",\"cavv\":\"ABIBCSAAAMJZACklAAAAAAAAAAA=\",\"id1\":\"a5\",\"HostRefNum\":\"003017966960\",\"callbackCall\":\"true\",\"AuthCode\":null,\"failUrl\":\"http:\\/\\/www.enbiosis.com\\/checkout-result\",\"Fpostakodu\":\"postakod34367\",\"price1\":\"6.25\",\"faturaFirma\":\"faturaFirma\",\"xid\":\"J5EnGk3o6awEBrQsGyFvRTPkdwc=\",\"encoding\":\"ISO-8859-9\",\"oid\":null,\"mdStatus\":\"1\",\"eci\":\"02\",\"Fadres2\":\"XXX\",\"EXTRA_CARDHOLDERNAME\":\"ER* AL*\",\"Fismi\":\"is\",\"qty1\":\"3\",\"desc1\":\"a4 desc\",\"EXTRA_CARDISSUER\":\"T. IS BANKASI A.S.\",\"HASH\":\"OPHYpXeMFpJ0k8AHvWkK9YSxbNc=\",\"rnd\":\"lD07\\/UcSYkNjWmDcdVXD\",\"HASHPARAMS\":\"clientid:oid:AuthCode:ProcReturnCode:Response:mdStatus:cavv:eci:md:rnd:\",\"HASHPARAMSVAL\":\"40094053551Declined1ABIBCSAAAMJZACklAAAAAAAAAAA=02540668:C1B6E66D9DFBBD16BF16A04A7B24B49EF93E34D764801D77524E171561AB292F:3791:##400940535lD07\\/UcSYkNjWmDcdVXD\"}', 'payment', '2020-01-30 11:36:54', '2020-01-30 11:36:54'),
(12, '{\"TRANID\":null,\"PAResSyntaxOK\":\"true\",\"Filce\":\"\\u015ei\\u015fli\",\"firmaadi\":\"EnBiosis\",\"islemtipi\":\"Auth\",\"total1\":\"7.50\",\"lang\":\"tr\",\"merchantID\":\"400940535\",\"maskedCreditCard\":\"5218 24** **** 2018\",\"amount\":\"1299\",\"sID\":\"2\",\"ACQBIN\":\"510138\",\"itemnumber1\":\"a1\",\"Ecom_Payment_Card_ExpDate_Year\":\"21\",\"storekey\":\"ENDIET19\",\"MaskedPan\":\"521824***2018\",\"Fadres\":\"Harbiye, Atiye Sokak. Kat: 2 No:8, \\u015ei\\u015fli\\/Istanbul\",\"clientIp\":\"3.124.196.24\",\"protocol\":\"3DS1.0.2\",\"iReqDetail\":null,\"okUrl\":\"http:\\/\\/enbiosis.com\\/checkout-result\",\"md\":\"521824:CBD8B32364DF782B6407296A91B668CFED46AE3CAD6FE0A36B5F91343575641D:3921:##400940535\",\"clientId\":\"400940535\",\"vendorCode\":null,\"taksit\":null,\"productcode1\":\"a2\",\"paresTxStatus\":\"N\",\"Fil\":\"Istanbul\",\"signature\":\"CJCO2pXuk9kLz2Njf7EPEgmHMSGYyEE7MTZqh+tHzbhipcRwpXaBWIRYNj6zI1EEVa9S2V6Oe6wGQnx88N4hH7+wOdp+r+LwHlGy1malQQneaHIaDWfL0i1eZ6gjL41bQy4OLx5M7m5\\/ZuMhJGEMMiv4I3+0miFGilH3lYEG0IR6oTuGYxCUrjxyAS7YN6Hz4Ruy30FNl8r2HHWg\\/FCHda60n3PY6U+rI6hNWK2wti\\/tpIlY96mpF2tGtmYlpw5c+tagkewUHYhlkthWKJP7qwWh5o23x\\/h3gK56h25UT3R\\/l5tCQSTUh1bmnDGS7Ivwj8xGqIazJRtXtN9PQ7UiIg==\",\"Ecom_Payment_Card_ExpDate_Month\":\"08\",\"storetype\":\"3d_pay\",\"iReqCode\":null,\"veresEnrolledStatus\":\"Y\",\"tulkekod\":\"tr\",\"mdErrorMsg\":\"Not authenticated\",\"PAResVerified\":\"false\",\"cavv\":null,\"id1\":\"a5\",\"digest\":\"digest\",\"callbackCall\":\"true\",\"failUrl\":\"http:\\/\\/enbiosis.com\\/checkout-result\",\"cavvAlgorithm\":null,\"Fpostakodu\":\"postakod34367\",\"price1\":\"6.25\",\"faturaFirma\":\"faturaFirma\",\"xid\":\"lhgwBuFviXrDGvddSnwilUQiMHs=\",\"encoding\":\"ISO-8859-9\",\"oid\":null,\"mdStatus\":\"0\",\"dsId\":\"2\",\"eci\":null,\"version\":\"4.0\",\"Fadres2\":\"XXX\",\"Fismi\":\"is\",\"qty1\":\"3\",\"desc1\":\"a4 desc\",\"_charset_\":\"UTF-8\",\"HASH\":\"3sqsZsovuUGDObu5RahNCFVblq4=\",\"rnd\":\"v\\/YQHIPGCZn9zmujCOYA\",\"HASHPARAMS\":\"clientid:oid:mdStatus:cavv:eci:md:rnd:\",\"HASHPARAMSVAL\":\"4009405350521824:CBD8B32364DF782B6407296A91B668CFED46AE3CAD6FE0A36B5F91343575641D:3921:##400940535v\\/YQHIPGCZn9zmujCOYA\"}', 'payment', '2020-02-12 05:19:11', '2020-02-12 05:19:11'),
(13, '{\"TRANID\":null,\"PAResSyntaxOK\":\"true\",\"Filce\":\"\\u015ei\\u015fli\",\"firmaadi\":\"EnBiosis\",\"islemtipi\":\"Auth\",\"total1\":\"7.50\",\"lang\":\"en\",\"merchantID\":\"400940535\",\"maskedCreditCard\":\"5355 76** **** 8256\",\"amount\":\"1299\",\"sID\":\"2\",\"ACQBIN\":\"510138\",\"itemnumber1\":\"a1\",\"Ecom_Payment_Card_ExpDate_Year\":\"23\",\"storekey\":\"ENDIET19\",\"MaskedPan\":\"535576***8256\",\"Fadres\":\"Harbiye, Atiye Sokak. Kat: 2 No:8, \\u015ei\\u015fli\\/Istanbul\",\"clientIp\":\"3.124.196.24\",\"protocol\":\"3DS1.0.2\",\"iReqDetail\":null,\"okUrl\":\"http:\\/\\/enbiosis.com\\/checkout-result\",\"md\":\"535576:F7817FC61DBE41FF19574DFED0098A4D1EBBEFED03C800734BEA18727ADA05AB:4089:##400940535\",\"clientId\":\"400940535\",\"vendorCode\":null,\"taksit\":null,\"productcode1\":\"a2\",\"paresTxStatus\":\"N\",\"Fil\":\"Istanbul\",\"signature\":\"pHd+JrOGffYeLjbl9MVxcVqQPdSNx2c9lhZ0ISTNxZ5iKR+m\\/UM6TTrlAbYuAKJZMSyqwrgBILY3pa9+8AvTEz9cibHRjwI9wWA4zDHwXDNtiDEucH4oxkfBLB7jSb5DSAVG5+IhYylc2oLX67uvuGhhC45Wh5DMvIj5njp\\/eqlF+f1pzKCttqhfx8sZ8SfGgpZRpYg93tliOnP4ofmJ6CO+Tq4W6z3liiK59sIYNidTay1bRz6CqN5GDb0ExCWvIoyjNAPlixdwGGLnhDtB2sCWEgE4LPx90b2CJkVPzXPhNoVTXkTMGmwkNx8yrxE7mUwC+1HBApFNzas7p0JrEw==\",\"Ecom_Payment_Card_ExpDate_Month\":\"08\",\"storetype\":\"3d_pay\",\"iReqCode\":null,\"veresEnrolledStatus\":\"Y\",\"tulkekod\":\"tr\",\"mdErrorMsg\":\"Not authenticated\",\"PAResVerified\":\"false\",\"cavv\":null,\"id1\":\"a5\",\"digest\":\"digest\",\"callbackCall\":\"true\",\"failUrl\":\"http:\\/\\/enbiosis.com\\/checkout-result\",\"cavvAlgorithm\":null,\"Fpostakodu\":\"postakod34367\",\"price1\":\"6.25\",\"faturaFirma\":\"faturaFirma\",\"xid\":\"LmhfjR6aIxBiWi5ykxgImJ\\/GEQk=\",\"encoding\":\"ISO-8859-9\",\"oid\":null,\"mdStatus\":\"0\",\"dsId\":\"2\",\"eci\":null,\"version\":\"4.0\",\"Fadres2\":\"XXX\",\"Fismi\":\"is\",\"qty1\":\"3\",\"desc1\":\"a4 desc\",\"_charset_\":\"UTF-8\",\"HASH\":\"A3nip+eiyeBCWsRQYIggPr2BDDc=\",\"rnd\":\"SjvpC3Kdm7lsFr6wUb1V\",\"HASHPARAMS\":\"clientid:oid:mdStatus:cavv:eci:md:rnd:\",\"HASHPARAMSVAL\":\"4009405350535576:F7817FC61DBE41FF19574DFED0098A4D1EBBEFED03C800734BEA18727ADA05AB:4089:##400940535SjvpC3Kdm7lsFr6wUb1V\"}', 'payment', '2020-02-21 15:55:52', '2020-02-21 15:55:52'),
(14, '{\"TRANID\":null,\"PAResSyntaxOK\":\"true\",\"Filce\":\"\\u015ei\\u015fli\",\"firmaadi\":\"EnBiosis\",\"islemtipi\":\"Auth\",\"total1\":\"7.50\",\"lang\":\"en\",\"merchantID\":\"400940535\",\"maskedCreditCard\":\"5331 69** **** 7020\",\"amount\":\"0.13\",\"sID\":\"2\",\"ACQBIN\":\"510138\",\"itemnumber1\":\"a1\",\"Ecom_Payment_Card_ExpDate_Year\":\"23\",\"storekey\":\"ENDIET19\",\"MaskedPan\":\"533169***7020\",\"Fadres\":\"Harbiye, Atiye Sokak. Kat: 2 No:8, \\u015ei\\u015fli\\/Istanbul\",\"clientIp\":\"3.124.196.24\",\"protocol\":\"3DS1.0.2\",\"iReqDetail\":null,\"okUrl\":\"https:\\/\\/www.enbiosis.com\\/checkout-result\",\"md\":\"533169:5F36EB0E01A21DDF01E79C42307773E2CF63918194597622E625A67E58655F55:3672:##400940535\",\"clientId\":\"400940535\",\"vendorCode\":null,\"taksit\":null,\"productcode1\":\"a2\",\"paresTxStatus\":\"N\",\"Fil\":\"Istanbul\",\"signature\":\"cuoXnVKOqY4AdUY6\\/qdnq47W4PK\\/cj1+ExU2S\\/KnquVDA9nBGat5+PO2PnQ\\/0nVzx6ndGVpPWgTCd58vuBrOx2KaiX2xe4LtxQN9N7b0UULDLjd9L4bLdEC74aXp01v4XE+IZbLyUciAxcx6VbQGNvRJvqmb\\/6bJsMCQzyJ+wBzzTLHpBmELrVGdIjns9liUpi+MFzhVxKKOp9SzBmpjtdpOkl3VGVSMyvmko3cg7w1Ih6NjKAmZdWHfKsADTOoBnQOHYTCTMAm59bCA+htrPSNoiQrcRhG2K2UigjTjImibAwVV64zbBr1rbDCY7Cj+j0FOtx76ZLCYK2SbGfgRaw==\",\"Ecom_Payment_Card_ExpDate_Month\":\"05\",\"storetype\":\"3d_pay\",\"iReqCode\":null,\"veresEnrolledStatus\":\"Y\",\"tulkekod\":\"tr\",\"mdErrorMsg\":\"Not authenticated\",\"PAResVerified\":\"false\",\"cavv\":null,\"id1\":\"a5\",\"digest\":\"digest\",\"callbackCall\":\"true\",\"failUrl\":\"https:\\/\\/www.enbiosis.com\\/checkout-result\",\"cavvAlgorithm\":null,\"Fpostakodu\":\"postakod34367\",\"price1\":\"6.25\",\"faturaFirma\":\"faturaFirma\",\"xid\":\"lw8mvO9AngazpK0PauKCaW0r9OE=\",\"encoding\":\"ISO-8859-9\",\"oid\":null,\"mdStatus\":\"0\",\"dsId\":\"2\",\"eci\":null,\"version\":\"4.0\",\"Fadres2\":\"XXX\",\"Fismi\":\"is\",\"qty1\":\"3\",\"desc1\":\"a4 desc\",\"_charset_\":\"UTF-8\",\"HASH\":\"oYRK2TwOGpJpkIjFdTmwbGtTmPo=\",\"rnd\":\"BEfwN4INg0aNpZ+On3ef\",\"HASHPARAMS\":\"clientid:oid:mdStatus:cavv:eci:md:rnd:\",\"HASHPARAMSVAL\":\"4009405350533169:5F36EB0E01A21DDF01E79C42307773E2CF63918194597622E625A67E58655F55:3672:##400940535BEfwN4INg0aNpZ+On3ef\"}', 'payment', '2020-02-24 12:12:20', '2020-02-24 12:12:20'),
(15, '{\"EXTRA_TRXDATE\":\"20200225 10:10:22\",\"acqStan\":\"000068\",\"digest\":\"digest\",\"clientIp\":\"3.124.196.24\",\"Fpostakodu\":\"postakod34367\",\"callbackCall\":\"true\",\"storekey\":\"ENDIET19\",\"EXTRA_SGKTUTAR\":\"1299.0\",\"faturaFirma\":\"faturaFirma\",\"clientId\":\"400940535\",\"okUrl\":\"https:\\/\\/www.enbiosis.com\\/checkout-result\",\"cavvAlgorithm\":\"3\",\"sID\":\"2\",\"Fil\":\"Istanbul\",\"ProcReturnCode\":\"05\",\"eci\":\"02\",\"id1\":\"a5\",\"failUrl\":\"https:\\/\\/www.enbiosis.com\\/checkout-result\",\"SettleId\":\"138\",\"PAResSyntaxOK\":\"true\",\"version\":\"4.0\",\"maskedCreditCard\":\"5137 71** **** 0656\",\"MaskedPan\":\"513771***0656\",\"iReqCode\":null,\"amount\":\"1299\",\"_charset_\":\"UTF-8\",\"taksit\":null,\"Response\":\"Declined\",\"ACQBIN\":\"510138\",\"TransId\":\"20056KKWE04020669\",\"lang\":\"tr\",\"total1\":\"7.50\",\"qty1\":\"3\",\"EXTRA_CARDBRAND\":\"MASTERCARD\",\"ReturnOid\":\"ORDER-20056KKWE04020667\",\"mdStatus\":\"1\",\"AuthCode\":null,\"HostRefNum\":\"005610630239\",\"storetype\":\"3d_pay\",\"merchantID\":\"400940535\",\"vendorCode\":null,\"Filce\":\"\\u015ei\\u015fli\",\"Ecom_Payment_Card_ExpDate_Month\":\"02\",\"mdErrorMsg\":\"Authenticated\",\"protocol\":\"3DS1.0.2\",\"dsId\":\"2\",\"Fadres2\":\"XXX\",\"xid\":\"FeFS7jBXRQqfVQwJ8o8luKXNPz0=\",\"itemnumber1\":\"a1\",\"TRANID\":null,\"Fismi\":\"is\",\"ErrMsg\":\"Genel red\",\"signature\":\"EHFfKrr1OjQF171tE0dKoSOEg4fq4q3Lcfw9e1WBayLHofNlcA+WwpE5dNSRLZqg0Rine74MxvUekYGpHow1LlHStTQJX+1V6PdknalDwJBWSGBxzz4PhlrfxC1XTBSywU7rdYNOl\\/MSWb2t4Qpvy53usOULW\\/psy6xpSNz9L\\/PVg0fQuRqKmTX26ySyVY0xx2\\/ni1sPuQOVm8OcA9z7TiHEBqh73qBLFwVgQ+VEvw4jq4RT6qyJ3PSXWfo3wdfnMJNheEAzwTK8yoGvnBMV99hp6ST1zrTzboFLClNbbqFO7I4esKMoMl27vcMF8t7pe71M5AYoNcoJQn1aK3nzCg==\",\"tulkekod\":\"tr\",\"Fadres\":\"Harbiye, Atiye Sokak. Kat: 2 No:8, \\u015ei\\u015fli\\/Istanbul\",\"cavv\":\"jOfWN9WLoNcoABVeVMhdEKCtEnI=\",\"md\":\"513771:1A8A6164AEFD63681274AC3A91FDD7DC1BD5A1D8DFF74155A1DDA491334D0935:4306:##400940535\",\"Ecom_Payment_Card_ExpDate_Year\":\"21\",\"firmaadi\":\"EnBiosis\",\"productcode1\":\"a2\",\"desc1\":\"a4 desc\",\"payResults_dsId\":\"2\",\"PAResVerified\":\"false\",\"veresEnrolledStatus\":\"Y\",\"islemtipi\":\"Auth\",\"EXTRA_CARDISSUER\":\"UNKNOWN\",\"clientid\":\"400940535\",\"oid\":null,\"iReqDetail\":null,\"price1\":\"6.25\",\"paresTxStatus\":\"Y\",\"encoding\":\"ISO-8859-9\",\"HASH\":\"53qG3OsfKKEJQml4VzetivUxdVc=\",\"rnd\":\"JZgiDQYI\\/vcSM3TJdgtC\",\"HASHPARAMS\":\"clientid:oid:AuthCode:ProcReturnCode:Response:mdStatus:cavv:eci:md:rnd:\",\"HASHPARAMSVAL\":\"40094053505Declined1jOfWN9WLoNcoABVeVMhdEKCtEnI=02513771:1A8A6164AEFD63681274AC3A91FDD7DC1BD5A1D8DFF74155A1DDA491334D0935:4306:##400940535JZgiDQYI\\/vcSM3TJdgtC\"}', 'payment', '2020-02-25 07:10:26', '2020-02-25 07:10:26'),
(16, '{\"TRANID\":null,\"PAResSyntaxOK\":\"true\",\"Filce\":\"\\u015ei\\u015fli\",\"firmaadi\":\"EnBiosis\",\"islemtipi\":\"Auth\",\"total1\":\"7.50\",\"lang\":\"en\",\"merchantID\":\"400940535\",\"maskedCreditCard\":\"5549 60** **** 1054\",\"amount\":\"1299\",\"sID\":\"2\",\"ACQBIN\":\"510138\",\"itemnumber1\":\"a1\",\"Ecom_Payment_Card_ExpDate_Year\":\"23\",\"storekey\":\"ENDIET19\",\"MaskedPan\":\"554960***1054\",\"Fadres\":\"Harbiye, Atiye Sokak. Kat: 2 No:8, \\u015ei\\u015fli\\/Istanbul\",\"clientIp\":\"3.124.196.24\",\"protocol\":\"3DS1.0.2\",\"iReqDetail\":null,\"okUrl\":\"https:\\/\\/www.enbiosis.com\\/checkout-result\",\"md\":\"554960:8D9A0327F12DE3F1C27623C77ACCA5F268F188CBE0C1FC4AA050AAA4D69DF083:5113:##400940535\",\"clientId\":\"400940535\",\"vendorCode\":null,\"taksit\":null,\"productcode1\":\"a2\",\"paresTxStatus\":\"N\",\"Fil\":\"Istanbul\",\"signature\":\"ArhTpTVxAtfE6LuXpmLLPgw3bkrINYlXsjEiVyBSHui0zj8439uQZj8dIjb6VPIFyVNhYr698qvctsxM2cMYD0WKZ1rAOe2ZHovhy4UmJ36Qj2wC+xkb\\/9QpuG3Bb3aKr6Fv1YOPEef+1lcXxmxk1l7KjKGQNX10UUl2y2egZPJO0JlvUa4pI3rrZ0duFqDg0yclJS+Wf80LY\\/92863Od7jpQTUFbcDZpJRHgy2BC\\/txAfh1zLUYrwvr1gLou81KLJMq6T21I125D73yQTc343\\/GqG7uOSnM5EjOMCuokN76OOSl0xj2T7OWo+vg2HoL0e8BtqoMr5OiUo\\/Zr2qzoA==\",\"Ecom_Payment_Card_ExpDate_Month\":\"04\",\"storetype\":\"3d_pay\",\"iReqCode\":null,\"veresEnrolledStatus\":\"Y\",\"tulkekod\":\"tr\",\"mdErrorMsg\":\"Not authenticated\",\"PAResVerified\":\"false\",\"cavv\":null,\"id1\":\"a5\",\"digest\":\"digest\",\"callbackCall\":\"true\",\"failUrl\":\"https:\\/\\/www.enbiosis.com\\/checkout-result\",\"cavvAlgorithm\":null,\"Fpostakodu\":\"postakod34367\",\"price1\":\"6.25\",\"faturaFirma\":\"faturaFirma\",\"xid\":\"Rk7aCMZJOVUlesmj5j65JiaqQ7I=\",\"encoding\":\"ISO-8859-9\",\"oid\":null,\"mdStatus\":\"0\",\"dsId\":\"2\",\"eci\":null,\"version\":\"4.0\",\"Fadres2\":\"XXX\",\"Fismi\":\"is\",\"qty1\":\"3\",\"desc1\":\"a4 desc\",\"_charset_\":\"UTF-8\",\"HASH\":\"ZH1h59yDSAoc9NAdvj3Ytik2tI0=\",\"rnd\":\"N8fuuEHmAThOvckhvCN\\/\",\"HASHPARAMS\":\"clientid:oid:mdStatus:cavv:eci:md:rnd:\",\"HASHPARAMSVAL\":\"4009405350554960:8D9A0327F12DE3F1C27623C77ACCA5F268F188CBE0C1FC4AA050AAA4D69DF083:5113:##400940535N8fuuEHmAThOvckhvCN\\/\"}', 'payment', '2020-02-25 07:34:08', '2020-02-25 07:34:08'),
(17, '{\"EXTRA_TRXDATE\":\"20200225 10:57:21\",\"EXTRA_CAVVRESULTCODE\":\"2\",\"acqStan\":\"000071\",\"digest\":\"digest\",\"clientIp\":\"3.124.196.24\",\"Fpostakodu\":\"postakod34367\",\"callbackCall\":\"true\",\"storekey\":\"ENDIET19\",\"EXTRA_SGKTUTAR\":\"1039.2\",\"faturaFirma\":\"faturaFirma\",\"clientId\":\"400940535\",\"okUrl\":\"https:\\/\\/www.enbiosis.com\\/checkout-result\",\"cavvAlgorithm\":\"2\",\"EXTRA_TEBACIKLAMA\":\"P510121-C\\u0130RO L\\u0130M\\u0130T\\u0130     A\\u015eILMI\\u015eTIR\",\"sID\":\"1\",\"Fil\":\"Istanbul\",\"ProcReturnCode\":\"13\",\"eci\":\"05\",\"id1\":\"a5\",\"failUrl\":\"https:\\/\\/www.enbiosis.com\\/checkout-result\",\"SettleId\":\"138\",\"PAResSyntaxOK\":\"true\",\"version\":\"4.0\",\"maskedCreditCard\":\"4320 72** **** 1768\",\"MaskedPan\":\"432072***1768\",\"iReqCode\":null,\"amount\":\"1039.20\",\"_charset_\":\"UTF-8\",\"taksit\":null,\"Response\":\"Declined\",\"ACQBIN\":\"440293\",\"TransId\":\"20056K7VH04020000\",\"lang\":\"tr\",\"total1\":\"7.50\",\"qty1\":\"3\",\"EXTRA_CARDBRAND\":\"VISA\",\"ReturnOid\":\"ORDER-20056K7VH04029998\",\"AuthCode\":null,\"mdStatus\":\"1\",\"HostRefNum\":\"005610634082\",\"storetype\":\"3d_pay\",\"merchantID\":\"400940535\",\"vendorCode\":null,\"Filce\":\"\\u015ei\\u015fli\",\"Ecom_Payment_Card_ExpDate_Month\":\"08\",\"mdErrorMsg\":\"Authenticated\",\"protocol\":\"3DS1.0.2\",\"dsId\":\"1\",\"Fadres2\":\"XXX\",\"xid\":\"OPGsngUQGEpOQuajSl2IDTME3II=\",\"itemnumber1\":\"a1\",\"TRANID\":null,\"Fismi\":\"is\",\"ErrMsg\":\"Gecersiz tutar.\",\"signature\":\"QdGaM30DdALKCsJhDPAu6D4B4zfApVtLoApHfx25FJBs2Jqxon9vV\\/2Sj5WFarY1YXULU7Yhh+SZJaeLu6NUV1uz2Sgk17wWXkocot3+mVIAQ7uGnvgm+lwT9itRaPjD4WrMAu52kAqugyyS9FC0CYbk8PI7WsFiqQOyop\\/2wovuaxoheLLMZDesMjjtTH2hcGUY56jkUtNbok70ay3pSpwUrcAy57+XPcVHoOKfDwsQe6hIWq\\/S0unbZSYv6cxhSFrNNZVMa8lTfFnpa\\/L4seerbO5EXBChVoQbyJ3puxfxgpm+FcToqz6IwMHrkYhY86zMj+sYH1CeN6rWHoNYHQ==\",\"tulkekod\":\"tr\",\"EXTRA_CARDHOLDERNAME\":\"EM* M\\u0130*\",\"Fadres\":\"Harbiye, Atiye Sokak. Kat: 2 No:8, \\u015ei\\u015fli\\/Istanbul\",\"cavv\":\"AAABBQZhmAAAAXNWVWGYAAAAAAA=\",\"md\":\"432072:E7592A42D8787987C134237799B529DF20CBF750430902B09EADC499B94ADB55:4076:##400940535\",\"Ecom_Payment_Card_ExpDate_Year\":\"21\",\"firmaadi\":\"EnBiosis\",\"productcode1\":\"a2\",\"desc1\":\"a4 desc\",\"payResults_dsId\":\"1\",\"PAResVerified\":\"false\",\"veresEnrolledStatus\":\"Y\",\"islemtipi\":\"Auth\",\"EXTRA_CARDISSUER\":\"AKBANK T.A.S.\",\"clientid\":\"400940535\",\"oid\":null,\"iReqDetail\":null,\"price1\":\"6.25\",\"paresTxStatus\":\"Y\",\"encoding\":\"ISO-8859-9\",\"HASH\":\"ccKOFnmd6qpAlhXUOg82JTK\\/xhI=\",\"rnd\":\"8FJgLt7YW8+Ed4MXkieG\",\"HASHPARAMS\":\"clientid:oid:AuthCode:ProcReturnCode:Response:mdStatus:cavv:eci:md:rnd:\",\"HASHPARAMSVAL\":\"40094053513Declined1AAABBQZhmAAAAXNWVWGYAAAAAAA=05432072:E7592A42D8787987C134237799B529DF20CBF750430902B09EADC499B94ADB55:4076:##4009405358FJgLt7YW8+Ed4MXkieG\"}', 'payment', '2020-02-25 07:57:24', '2020-02-25 07:57:24'),
(18, '{\"EXTRA_TRXDATE\":\"20200225 10:59:59\",\"EXTRA_CAVVRESULTCODE\":\"2\",\"acqStan\":\"000072\",\"digest\":\"digest\",\"clientIp\":\"3.124.196.24\",\"Fpostakodu\":\"postakod34367\",\"callbackCall\":\"true\",\"storekey\":\"ENDIET19\",\"EXTRA_SGKTUTAR\":\"1039.2\",\"faturaFirma\":\"faturaFirma\",\"clientId\":\"400940535\",\"okUrl\":\"https:\\/\\/www.enbiosis.com\\/checkout-result\",\"cavvAlgorithm\":\"2\",\"EXTRA_TEBACIKLAMA\":\"P510121-C\\u0130RO L\\u0130M\\u0130T\\u0130     A\\u015eILMI\\u015eTIR\",\"sID\":\"1\",\"Fil\":\"Istanbul\",\"ProcReturnCode\":\"13\",\"eci\":\"05\",\"id1\":\"a5\",\"failUrl\":\"https:\\/\\/www.enbiosis.com\\/checkout-result\",\"SettleId\":\"138\",\"PAResSyntaxOK\":\"true\",\"version\":\"4.0\",\"maskedCreditCard\":\"4320 72** **** 1768\",\"MaskedPan\":\"432072***1768\",\"iReqCode\":null,\"amount\":\"1039.20\",\"_charset_\":\"UTF-8\",\"taksit\":null,\"Response\":\"Declined\",\"ACQBIN\":\"440293\",\"TransId\":\"20056K99E04012363\",\"lang\":\"tr\",\"total1\":\"7.50\",\"qty1\":\"3\",\"EXTRA_CARDBRAND\":\"VISA\",\"ReturnOid\":\"ORDER-20056K99D04012361\",\"AuthCode\":null,\"mdStatus\":\"1\",\"HostRefNum\":\"005610634202\",\"storetype\":\"3d_pay\",\"merchantID\":\"400940535\",\"vendorCode\":null,\"Filce\":\"\\u015ei\\u015fli\",\"Ecom_Payment_Card_ExpDate_Month\":\"08\",\"mdErrorMsg\":\"Authenticated\",\"protocol\":\"3DS1.0.2\",\"dsId\":\"1\",\"Fadres2\":\"XXX\",\"xid\":\"hc618kR3C8mjIf7BBuQeupSs3KI=\",\"itemnumber1\":\"a1\",\"TRANID\":null,\"Fismi\":\"is\",\"ErrMsg\":\"Gecersiz tutar.\",\"signature\":\"btAZFnpiYnCR+l28zKoeBpPcXUSeu8oy1DliQb+vJsBY1KIz4H8DB4iJgcpMWIGOUHbxVwzUIAE\\/Ht9RUM3kGTvTfDOloI1wPceS7Sj8KzErtvZuf6BrEHkV7Iaiq7bXIRLhw6tAEnsbGIorE+Gun41v6NMeA7n41JGdXEoCLMoeYzQL2lwRcqYhevWZxTpQrIK3fAPgtFopVmXUqDU6fFXZLqypDCzlM4KO5h7kj1TR7t5cPE5\\/k90pq9oROBPyhphqx5GqE4WzQPMLQv1DM3c1c18WYohqY9zwx1LlL+n\\/4\\/MzcRSIIQaq5oXHQC5YyiRVASIpXZLoPLLaKK2M+w==\",\"tulkekod\":\"tr\",\"EXTRA_CARDHOLDERNAME\":\"EM* M\\u0130*\",\"Fadres\":\"Harbiye, Atiye Sokak. Kat: 2 No:8, \\u015ei\\u015fli\\/Istanbul\",\"cavv\":\"AAABB4kASQAAAXNWYgBJAAAAAAA=\",\"md\":\"432072:0006258B95DC754662061E4915DE14C3E27730B20FC099DF0AB1675DFA4658DD:3569:##400940535\",\"Ecom_Payment_Card_ExpDate_Year\":\"21\",\"firmaadi\":\"EnBiosis\",\"productcode1\":\"a2\",\"desc1\":\"a4 desc\",\"payResults_dsId\":\"1\",\"PAResVerified\":\"false\",\"veresEnrolledStatus\":\"Y\",\"islemtipi\":\"Auth\",\"EXTRA_CARDISSUER\":\"AKBANK T.A.S.\",\"clientid\":\"400940535\",\"oid\":null,\"iReqDetail\":null,\"price1\":\"6.25\",\"paresTxStatus\":\"Y\",\"encoding\":\"ISO-8859-9\",\"HASH\":\"RO8FvzM4eGMnXfqZSx4gxChUmDI=\",\"rnd\":\"ZP5En3JamtNEPDrYedRg\",\"HASHPARAMS\":\"clientid:oid:AuthCode:ProcReturnCode:Response:mdStatus:cavv:eci:md:rnd:\",\"HASHPARAMSVAL\":\"40094053513Declined1AAABB4kASQAAAXNWYgBJAAAAAAA=05432072:0006258B95DC754662061E4915DE14C3E27730B20FC099DF0AB1675DFA4658DD:3569:##400940535ZP5En3JamtNEPDrYedRg\"}', 'payment', '2020-02-25 08:00:06', '2020-02-25 08:00:06'),
(19, '{\"EXTRA_TRXDATE\":\"20200225 11:56:29\",\"acqStan\":\"000073\",\"digest\":\"digest\",\"clientIp\":\"3.124.196.24\",\"Fpostakodu\":\"postakod34367\",\"callbackCall\":\"true\",\"storekey\":\"ENDIET19\",\"EXTRA_SGKTUTAR\":\"1299.0\",\"faturaFirma\":\"faturaFirma\",\"clientId\":\"400940535\",\"okUrl\":\"https:\\/\\/www.enbiosis.com\\/checkout-result\",\"cavvAlgorithm\":\"3\",\"EXTRA_TEBACIKLAMA\":\"P510121-C\\u0130RO L\\u0130M\\u0130T\\u0130     A\\u015eILMI\\u015eTIR\",\"sID\":\"2\",\"Fil\":\"Istanbul\",\"ProcReturnCode\":\"13\",\"eci\":\"02\",\"id1\":\"a5\",\"failUrl\":\"https:\\/\\/www.enbiosis.com\\/checkout-result\",\"SettleId\":\"138\",\"PAResSyntaxOK\":\"true\",\"version\":\"4.0\",\"maskedCreditCard\":\"5137 71** **** 0656\",\"MaskedPan\":\"513771***0656\",\"iReqCode\":null,\"amount\":\"1299\",\"_charset_\":\"UTF-8\",\"taksit\":null,\"Response\":\"Declined\",\"ACQBIN\":\"510138\",\"TransId\":\"20056L6dE04027131\",\"lang\":\"tr\",\"total1\":\"7.50\",\"qty1\":\"3\",\"EXTRA_CARDBRAND\":\"MASTERCARD\",\"ReturnOid\":\"ORDER-20056L6dD04027129\",\"mdStatus\":\"1\",\"AuthCode\":null,\"HostRefNum\":\"005611637324\",\"storetype\":\"3d_pay\",\"merchantID\":\"400940535\",\"vendorCode\":null,\"Filce\":\"\\u015ei\\u015fli\",\"Ecom_Payment_Card_ExpDate_Month\":\"09\",\"mdErrorMsg\":\"Authenticated\",\"protocol\":\"3DS1.0.2\",\"dsId\":\"2\",\"Fadres2\":\"XXX\",\"xid\":\"RkVBKJbpSpze9S352lP+uekrM1M=\",\"itemnumber1\":\"a1\",\"TRANID\":null,\"Fismi\":\"is\",\"ErrMsg\":\"Gecersiz tutar.\",\"signature\":\"n2TFCw9a07L7Gs0\\/dVLAZHSt1JmH8NZwCsBiGhAnh5xclI+JTJarbxc1\\/QHBR38G2APvs33Si7JAWNnL0wlf9l3SZfkAdj\\/ZT0XE09jU4O28E8d\\/yOQ1nve6XDkjjdxkOW1sqsIu79jtXZisomgSQB4nvLBlFECgNkYf36txnWK1Iuhb4dQojrKX56TR1HO5IL3ycRgQzbKk7PKxvG9r+wnLdd6ZBpn7G3ZQmWbNy+zGDY68oY\\/UOlX7pLaY+zipwLHqHSxngDavWRVLFaudcAzwsM80GQ30OTB9E+ZzLDyATtO1WBLUAWRJM2BR4s91gBdDNjL63MjMuF+2m7AkBQ==\",\"tulkekod\":\"tr\",\"Fadres\":\"Harbiye, Atiye Sokak. Kat: 2 No:8, \\u015ei\\u015fli\\/Istanbul\",\"cavv\":\"jOfWN9WLoNcoABVeVOE8HzYQSSM=\",\"md\":\"513771:CB8F1CB25A93F647F5F42F2E317C57E71A0CF1ECBE9C72B9C050B3977104FCB2:4488:##400940535\",\"Ecom_Payment_Card_ExpDate_Year\":\"21\",\"firmaadi\":\"EnBiosis\",\"productcode1\":\"a2\",\"desc1\":\"a4 desc\",\"payResults_dsId\":\"2\",\"PAResVerified\":\"false\",\"veresEnrolledStatus\":\"Y\",\"islemtipi\":\"Auth\",\"EXTRA_CARDISSUER\":\"UNKNOWN\",\"clientid\":\"400940535\",\"oid\":null,\"iReqDetail\":null,\"price1\":\"6.25\",\"paresTxStatus\":\"Y\",\"encoding\":\"ISO-8859-9\",\"HASH\":\"IX\\/9DhG2oW3WVq38kj2UPVHGC94=\",\"rnd\":\"5ULGZ4m9SpyNnnxzrFL8\",\"HASHPARAMS\":\"clientid:oid:AuthCode:ProcReturnCode:Response:mdStatus:cavv:eci:md:rnd:\",\"HASHPARAMSVAL\":\"40094053513Declined1jOfWN9WLoNcoABVeVOE8HzYQSSM=02513771:CB8F1CB25A93F647F5F42F2E317C57E71A0CF1ECBE9C72B9C050B3977104FCB2:4488:##4009405355ULGZ4m9SpyNnnxzrFL8\"}', 'payment', '2020-02-25 08:56:32', '2020-02-25 08:56:32'),
(20, '{\"EXTRA_TRXDATE\":\"20200225 12:16:48\",\"acqStan\":\"000074\",\"digest\":\"digest\",\"clientIp\":\"3.124.196.24\",\"Fpostakodu\":\"postakod34367\",\"callbackCall\":\"true\",\"storekey\":\"ENDIET19\",\"EXTRA_SGKTUTAR\":\"1299.0\",\"faturaFirma\":\"faturaFirma\",\"clientId\":\"400940535\",\"okUrl\":\"https:\\/\\/www.enbiosis.com\\/checkout-result\",\"cavvAlgorithm\":\"3\",\"EXTRA_TEBACIKLAMA\":\"P510121-C\\u0130RO L\\u0130M\\u0130T\\u0130     A\\u015eILMI\\u015eTIR\",\"sID\":\"2\",\"Fil\":\"Istanbul\",\"ProcReturnCode\":\"13\",\"eci\":\"02\",\"id1\":\"a5\",\"failUrl\":\"https:\\/\\/www.enbiosis.com\\/checkout-result\",\"SettleId\":\"138\",\"PAResSyntaxOK\":\"true\",\"version\":\"4.0\",\"maskedCreditCard\":\"5137 71** **** 0656\",\"MaskedPan\":\"513771***0656\",\"iReqCode\":null,\"amount\":\"1299\",\"_charset_\":\"UTF-8\",\"taksit\":null,\"Response\":\"Declined\",\"ACQBIN\":\"510138\",\"TransId\":\"20056MQwD04010952\",\"lang\":\"tr\",\"total1\":\"7.50\",\"qty1\":\"3\",\"EXTRA_CARDBRAND\":\"MASTERCARD\",\"ReturnOid\":\"ORDER-20056MQwD04010950\",\"mdStatus\":\"1\",\"AuthCode\":null,\"HostRefNum\":\"005612638372\",\"storetype\":\"3d_pay\",\"merchantID\":\"400940535\",\"vendorCode\":null,\"Filce\":\"\\u015ei\\u015fli\",\"Ecom_Payment_Card_ExpDate_Month\":\"09\",\"mdErrorMsg\":\"Authenticated\",\"protocol\":\"3DS1.0.2\",\"dsId\":\"2\",\"Fadres2\":\"XXX\",\"xid\":\"5ZOKzt6iYsgkeSUZoaTeiK73IIk=\",\"itemnumber1\":\"a1\",\"TRANID\":null,\"Fismi\":\"is\",\"ErrMsg\":\"Gecersiz tutar.\",\"signature\":\"DiUgF5HSWsMXwbf2UIa42v33x8oQOMzbIspSEAy5SsPAuS+rr9LcFR5Xu9gIgwgCyBkN2oN1zvECOMRTq+My5FASCCBkRPZAmxAYyfe5y2V4aVnS5Gn7eZ9fk2Gl5fQMpVV0LQDs3omM9OKKXtWsNdJJhHDKZFiyUXArbOMXtmAe7tSSLLC0blkfzjuRO7QRTnph1SqG+5YdYCqI3K0eqHSwODwU92\\/p4elTRbzVGKh6QGVLnGyl9IKesEBr7X242iWszswNu0cz1O+HLuWt2\\/ntHKGbFySjBvq0ZUCyac3IJyA0PfCQazZLGaJEPHsqfQ\\/mF3aEYxL5tfmpj9qNGw==\",\"tulkekod\":\"tr\",\"Fadres\":\"Harbiye, Atiye Sokak. Kat: 2 No:8, \\u015ei\\u015fli\\/Istanbul\",\"cavv\":\"jOfWN9WLoNcoABVeVOX\\/QRyzTP8=\",\"md\":\"513771:6DC08B4ED7214A1B42699B7F170163A71C3748208CD3778788FE0AD905E4D18A:3599:##400940535\",\"Ecom_Payment_Card_ExpDate_Year\":\"21\",\"firmaadi\":\"EnBiosis\",\"productcode1\":\"a2\",\"desc1\":\"a4 desc\",\"payResults_dsId\":\"2\",\"PAResVerified\":\"false\",\"veresEnrolledStatus\":\"Y\",\"islemtipi\":\"Auth\",\"EXTRA_CARDISSUER\":\"UNKNOWN\",\"clientid\":\"400940535\",\"oid\":null,\"iReqDetail\":null,\"price1\":\"6.25\",\"paresTxStatus\":\"Y\",\"encoding\":\"ISO-8859-9\",\"HASH\":\"CTCj18drCTjLf+9TQEg6amJSiRg=\",\"rnd\":\"z4\\/ZyXlld1Is6XeTUgQL\",\"HASHPARAMS\":\"clientid:oid:AuthCode:ProcReturnCode:Response:mdStatus:cavv:eci:md:rnd:\",\"HASHPARAMSVAL\":\"40094053513Declined1jOfWN9WLoNcoABVeVOX\\/QRyzTP8=02513771:6DC08B4ED7214A1B42699B7F170163A71C3748208CD3778788FE0AD905E4D18A:3599:##400940535z4\\/ZyXlld1Is6XeTUgQL\"}', 'payment', '2020-02-25 09:16:51', '2020-02-25 09:16:51'),
(21, '{\"EXTRA_CAVVRESULTCODE\":\"2\",\"EXTRA_TRXDATE\":\"20200228 12:46:46\",\"acqStan\":\"000084\",\"digest\":\"digest\",\"clientIp\":\"3.124.196.24\",\"txstatus\":\"Y\",\"Fpostakodu\":\"postakod34367\",\"callbackCall\":\"true\",\"storekey\":\"ENDIET19\",\"EXTRA_SGKTUTAR\":\"1299.0\",\"faturaFirma\":\"faturaFirma\",\"clientId\":\"400940535\",\"okUrl\":\"https:\\/\\/www.enbiosis.com\\/checkout-result\",\"cavvAlgorithm\":\"3\",\"EXTRA_BONUSABONUS\":\"+00000000.00\",\"EXTRA_TEBACIKLAMA\":\"P510121-C\\u0130RO L\\u0130M\\u0130T\\u0130     A\\u015eILMI\\u015eTIR\",\"sID\":\"2\",\"Fil\":\"Istanbul\",\"ProcReturnCode\":\"13\",\"eci\":\"02\",\"id1\":\"a5\",\"failUrl\":\"https:\\/\\/www.enbiosis.com\\/checkout-result\",\"SettleId\":\"141\",\"PAResSyntaxOK\":\"true\",\"version\":\"2.0\",\"maskedCreditCard\":\"5407 09** **** 6017\",\"MaskedPan\":\"540709***6017\",\"iReqCode\":null,\"amount\":\"1299\",\"_charset_\":\"UTF-8\",\"taksit\":null,\"Response\":\"Declined\",\"ACQBIN\":\"510138\",\"TransId\":\"20059MuuH04023460\",\"lang\":\"tr\",\"total1\":\"7.50\",\"qty1\":\"3\",\"EXTRA_CARDBRAND\":\"MASTERCARD\",\"ReturnOid\":\"ORDER-20059MuuH04023458\",\"mdStatus\":\"1\",\"AuthCode\":null,\"HostRefNum\":\"005912813947\",\"storetype\":\"3d_pay\",\"merchantID\":\"400940535\",\"vendorCode\":null,\"EXTRA_KAZANILANBONUS\":\"+00000000.00\",\"Filce\":\"\\u015ei\\u015fli\",\"Ecom_Payment_Card_ExpDate_Month\":\"02\",\"mdErrorMsg\":\"Authenticated\",\"dsId\":\"2\",\"Fadres2\":\"XXX\",\"xid\":\"mhQcrquejjY3RFmPUrp\\/bTDM4Fs=\",\"itemnumber1\":\"a1\",\"TRANID\":null,\"Fismi\":\"is\",\"ErrMsg\":\"Gecersiz tutar.\",\"tulkekod\":\"tr\",\"Fadres\":\"Harbiye, Atiye Sokak. Kat: 2 No:8, \\u015ei\\u015fli\\/Istanbul\",\"cavv\":\"jAEICAIHBgYFBQYJBwYBkVLyfoI=\",\"md\":\"540709:26CC629E20B9FAE788D1C70E4030EE979EACC541010F6EA8704BB45C02EF0F86:3990:##400940535\",\"Ecom_Payment_Card_ExpDate_Year\":\"22\",\"firmaadi\":\"EnBiosis\",\"productcode1\":\"a2\",\"desc1\":\"a4 desc\",\"payResults_dsId\":\"2\",\"PAResVerified\":\"false\",\"EXTRA_KULLANILANBONUS\":\"+00000000.00\",\"islemtipi\":\"Auth\",\"EXTRA_CARDISSUER\":\"T. GARANTI BANKASI A.S.\",\"clientid\":\"400940535\",\"oid\":null,\"iReqDetail\":null,\"price1\":\"6.25\",\"EXTRA_KULLANILABILIRBONUS\":\"+00000030.47\",\"encoding\":\"ISO-8859-9\",\"HASH\":\"ih+fwc0Z69FuzmbXFA4vm92ItgA=\",\"rnd\":\"kqlPaHzv3t9VUhhFrnqe\",\"HASHPARAMS\":\"clientid:oid:AuthCode:ProcReturnCode:Response:mdStatus:cavv:eci:md:rnd:\",\"HASHPARAMSVAL\":\"40094053513Declined1jAEICAIHBgYFBQYJBwYBkVLyfoI=02540709:26CC629E20B9FAE788D1C70E4030EE979EACC541010F6EA8704BB45C02EF0F86:3990:##400940535kqlPaHzv3t9VUhhFrnqe\"}', 'payment', '2020-02-28 09:46:50', '2020-02-28 09:46:50'),
(22, '{\"TRANID\":null,\"PAResSyntaxOK\":\"true\",\"Filce\":\"\\u015ei\\u015fli\",\"firmaadi\":\"EnBiosis\",\"islemtipi\":\"Auth\",\"total1\":\"7.50\",\"lang\":\"en\",\"merchantID\":\"400940535\",\"maskedCreditCard\":\"5331 69** **** 7020\",\"amount\":\"0.13\",\"sID\":\"2\",\"ACQBIN\":\"510138\",\"itemnumber1\":\"a1\",\"Ecom_Payment_Card_ExpDate_Year\":\"23\",\"storekey\":\"ENDIET19\",\"MaskedPan\":\"533169***7020\",\"Fadres\":\"Harbiye, Atiye Sokak. Kat: 2 No:8, \\u015ei\\u015fli\\/Istanbul\",\"clientIp\":\"3.124.196.24\",\"iReqDetail\":null,\"okUrl\":\"https:\\/\\/www.enbiosis.com\\/checkout-result\",\"md\":\"533169:79C928246CB7D12E5159C635D3469BA77DFE8B54F6009B0F896548460DFB73E0:3969:##400940535\",\"clientId\":\"400940535\",\"vendorCode\":null,\"taksit\":null,\"productcode1\":\"a2\",\"Fil\":\"Istanbul\",\"Ecom_Payment_Card_ExpDate_Month\":\"05\",\"storetype\":\"3d_pay\",\"iReqCode\":null,\"tulkekod\":\"tr\",\"mdErrorMsg\":\"Not authenticated\",\"PAResVerified\":\"false\",\"cavv\":null,\"id1\":\"a5\",\"digest\":\"digest\",\"callbackCall\":\"true\",\"failUrl\":\"https:\\/\\/www.enbiosis.com\\/checkout-result\",\"cavvAlgorithm\":null,\"Fpostakodu\":\"postakod34367\",\"price1\":\"6.25\",\"faturaFirma\":\"faturaFirma\",\"xid\":\"QZR0r0e3uGk7+O5+gtG17iDUvQs=\",\"encoding\":\"ISO-8859-9\",\"oid\":null,\"mdStatus\":\"0\",\"dsId\":\"2\",\"eci\":null,\"version\":\"2.0\",\"Fadres2\":\"XXX\",\"Fismi\":\"is\",\"qty1\":\"3\",\"desc1\":\"a4 desc\",\"txstatus\":\"N\",\"_charset_\":\"UTF-8\",\"HASH\":\"4KLDcXWQmXZYjtl4GwnLRgSiFNI=\",\"rnd\":\"5+NygD4Wlkt2rsPqvvu6\",\"HASHPARAMS\":\"clientid:oid:mdStatus:cavv:eci:md:rnd:\",\"HASHPARAMSVAL\":\"4009405350533169:79C928246CB7D12E5159C635D3469BA77DFE8B54F6009B0F896548460DFB73E0:3969:##4009405355+NygD4Wlkt2rsPqvvu6\"}', 'payment', '2020-02-28 10:40:39', '2020-02-28 10:40:39'),
(23, '{\"TRANID\":null,\"PAResSyntaxOK\":\"true\",\"Filce\":\"\\u015ei\\u015fli\",\"firmaadi\":\"EnBiosis\",\"islemtipi\":\"Auth\",\"total1\":\"7.50\",\"lang\":\"en\",\"merchantID\":\"400940535\",\"maskedCreditCard\":\"5331 69** **** 2012\",\"amount\":\"1299\",\"sID\":\"2\",\"ACQBIN\":\"510138\",\"itemnumber1\":\"a1\",\"Ecom_Payment_Card_ExpDate_Year\":\"22\",\"storekey\":\"ENDIET19\",\"MaskedPan\":\"533169***2012\",\"Fadres\":\"Harbiye, Atiye Sokak. Kat: 2 No:8, \\u015ei\\u015fli\\/Istanbul\",\"clientIp\":\"3.124.196.24\",\"iReqDetail\":null,\"okUrl\":\"https:\\/\\/www.enbiosis.com\\/checkout-result\",\"md\":\"533169:E84EB26A893749AC140341E55052EE4C81003AE7D38C66FF887C1C79B6BEDC98:4103:##400940535\",\"clientId\":\"400940535\",\"vendorCode\":null,\"taksit\":null,\"productcode1\":\"a2\",\"Fil\":\"Istanbul\",\"Ecom_Payment_Card_ExpDate_Month\":\"04\",\"storetype\":\"3d_pay\",\"iReqCode\":null,\"tulkekod\":\"tr\",\"mdErrorMsg\":\"Not authenticated\",\"PAResVerified\":\"false\",\"cavv\":null,\"id1\":\"a5\",\"digest\":\"digest\",\"callbackCall\":\"true\",\"failUrl\":\"https:\\/\\/www.enbiosis.com\\/checkout-result\",\"cavvAlgorithm\":null,\"Fpostakodu\":\"postakod34367\",\"price1\":\"6.25\",\"faturaFirma\":\"faturaFirma\",\"xid\":\"cwWPDRMOXVteCEQAeaUd1QRMnk4=\",\"encoding\":\"ISO-8859-9\",\"oid\":null,\"mdStatus\":\"0\",\"dsId\":\"2\",\"eci\":null,\"version\":\"2.0\",\"Fadres2\":\"XXX\",\"Fismi\":\"is\",\"qty1\":\"3\",\"desc1\":\"a4 desc\",\"txstatus\":\"N\",\"_charset_\":\"UTF-8\",\"HASH\":\"Q9LhtUFJ+C1lgrOkJVwZjSE2Ca0=\",\"rnd\":\"vtQ9dnooh\\/kbmlzIjMox\",\"HASHPARAMS\":\"clientid:oid:mdStatus:cavv:eci:md:rnd:\",\"HASHPARAMSVAL\":\"4009405350533169:E84EB26A893749AC140341E55052EE4C81003AE7D38C66FF887C1C79B6BEDC98:4103:##400940535vtQ9dnooh\\/kbmlzIjMox\"}', 'payment', '2020-03-01 23:09:09', '2020-03-01 23:09:09');

-- --------------------------------------------------------

--
-- Table structure for table `kits`
--

CREATE TABLE `kits` (
  `id` bigint(20) UNSIGNED NOT NULL,
  `kit_code` varchar(255) COLLATE utf8mb4_unicode_ci DEFAULT NULL,
  `microbiome` longtext COLLATE utf8mb4_unicode_ci DEFAULT NULL,
  `food` longtext COLLATE utf8mb4_unicode_ci DEFAULT NULL,
  `user_id` bigint(20) DEFAULT NULL,
  `order_detail_id` bigint(20) DEFAULT NULL,
  `survey_id` bigint(20) DEFAULT NULL,
  `registered` tinyint(1) NOT NULL DEFAULT 0,
  `registered_at` timestamp NULL DEFAULT NULL,
  `delevered_to_user_at` timestamp NULL DEFAULT NULL,
  `received_from_user_at` timestamp NULL DEFAULT NULL,
  `send_to_lab_at` timestamp NULL DEFAULT NULL,
  `uploaded_at` timestamp NULL DEFAULT NULL,
  `survey_filled_at` timestamp NULL DEFAULT NULL,
  `kit_status` tinyint(1) NOT NULL DEFAULT 0,
  `sell_status` tinyint(1) NOT NULL DEFAULT 1,
  `created_at` timestamp NULL DEFAULT NULL,
  `updated_at` timestamp NULL DEFAULT NULL,
  `deleted_at` timestamp NULL DEFAULT NULL
) ENGINE=InnoDB DEFAULT CHARSET=utf8mb4 COLLATE=utf8mb4_unicode_ci;

--
-- Dumping data for table `kits`
--

INSERT INTO `kits` (`id`, `kit_code`, `microbiome`, `food`, `user_id`, `order_detail_id`, `survey_id`, `registered`, `registered_at`, `delevered_to_user_at`, `received_from_user_at`, `send_to_lab_at`, `uploaded_at`, `survey_filled_at`, `kit_status`, `sell_status`, `created_at`, `updated_at`, `deleted_at`) VALUES
(1, 'AB2233', NULL, NULL, NULL, 40, NULL, 0, NULL, NULL, NULL, NULL, NULL, NULL, 0, 1, '2020-02-18 04:20:49', '2020-02-20 14:31:22', NULL),
(2, 'AB2208', NULL, NULL, NULL, 40, NULL, 0, NULL, NULL, NULL, NULL, NULL, NULL, 0, 1, '2020-02-18 04:20:49', '2020-02-20 14:31:33', NULL),
(3, 'AB2209', NULL, NULL, NULL, 40, NULL, 0, NULL, NULL, NULL, NULL, NULL, NULL, 0, 1, '2020-02-18 04:20:49', '2020-02-20 14:31:46', NULL),
(4, 'AB2131', NULL, NULL, NULL, 39, NULL, 0, NULL, NULL, NULL, NULL, NULL, NULL, 0, 1, '2020-02-14 07:57:03', '2020-02-20 14:32:20', NULL),
(5, 'AB1112', NULL, NULL, NULL, 38, NULL, 0, NULL, NULL, NULL, NULL, NULL, NULL, 0, 1, '2020-02-12 15:54:09', '2020-02-20 14:33:21', NULL),
(7, 'AB1121', NULL, NULL, NULL, 38, NULL, 0, NULL, NULL, NULL, NULL, NULL, NULL, 0, 1, '2020-02-12 15:54:09', '2020-02-20 14:34:13', NULL),
(9, 'AB1201', NULL, NULL, NULL, 37, NULL, 0, NULL, NULL, NULL, NULL, NULL, NULL, 0, 1, '2020-02-12 05:41:48', '2020-02-20 14:34:48', NULL),
(10, 'AB2083', NULL, NULL, NULL, 36, NULL, 0, NULL, NULL, NULL, NULL, NULL, NULL, 0, 1, '2020-02-10 04:21:19', '2020-02-20 14:35:23', NULL),
(12, 'AB2068', NULL, NULL, NULL, 35, NULL, 0, NULL, NULL, NULL, NULL, NULL, NULL, 0, 1, '2020-02-08 08:59:34', '2020-02-20 14:36:38', NULL),
(14, 'AB2071', NULL, NULL, NULL, 35, NULL, 0, NULL, NULL, NULL, NULL, NULL, NULL, 0, 1, '2020-02-08 08:59:34', '2020-02-20 14:36:48', NULL),
(16, 'AB2061', NULL, NULL, NULL, 35, NULL, 0, NULL, NULL, NULL, NULL, NULL, NULL, 0, 1, '2020-02-08 08:59:34', '2020-02-20 14:37:02', NULL),
(18, 'AB2054', NULL, NULL, NULL, 34, NULL, 0, NULL, NULL, NULL, NULL, NULL, NULL, 0, 1, '2020-02-07 09:08:12', '2020-02-20 14:37:55', NULL),
(20, 'AB2051', NULL, NULL, NULL, 34, NULL, 0, NULL, NULL, NULL, NULL, NULL, NULL, 0, 1, '2020-02-07 09:08:12', '2020-02-20 14:38:03', NULL),
(22, 'AB2076', NULL, NULL, NULL, 33, NULL, 0, NULL, NULL, NULL, NULL, NULL, NULL, 0, 1, '2020-02-05 08:27:06', '2020-02-20 14:38:47', NULL),
(24, 'AB2143', NULL, NULL, NULL, 33, NULL, 0, NULL, NULL, NULL, NULL, NULL, NULL, 0, 1, '2020-02-05 08:27:06', '2020-02-20 14:38:56', NULL),
(26, 'AB2022', NULL, NULL, NULL, 32, NULL, 0, NULL, NULL, NULL, NULL, NULL, NULL, 0, 1, '2020-02-05 06:37:13', '2020-02-20 14:39:21', NULL),
(28, 'AB2014', NULL, NULL, NULL, 31, NULL, 0, NULL, NULL, NULL, NULL, NULL, NULL, 0, 1, '2020-01-28 09:28:58', '2020-02-20 14:39:55', NULL),
(29, 'AB2011', NULL, NULL, NULL, 31, NULL, 0, NULL, NULL, NULL, NULL, NULL, NULL, 0, 1, '2020-01-28 09:28:58', '2020-02-20 14:40:02', NULL),
(30, 'AB2055', NULL, NULL, NULL, 31, NULL, 0, NULL, NULL, NULL, NULL, NULL, NULL, 0, 1, '2020-01-28 09:28:58', '2020-02-20 14:40:11', NULL),
(31, 'AB2033', NULL, NULL, NULL, 30, NULL, 0, NULL, NULL, NULL, NULL, NULL, NULL, 0, 1, '2020-01-27 14:02:39', '2020-02-20 14:40:39', NULL),
(32, 'AB2053', NULL, NULL, NULL, 29, NULL, 0, NULL, NULL, NULL, NULL, NULL, NULL, 0, 1, '2020-01-27 13:57:44', '2020-02-20 14:41:02', NULL),
(33, 'AB2024', NULL, NULL, NULL, 28, NULL, 0, NULL, NULL, NULL, NULL, NULL, NULL, 0, 1, '2020-01-21 07:14:38', '2020-02-20 14:41:24', NULL),
(34, 'AB2016', NULL, NULL, NULL, 27, NULL, 0, NULL, NULL, NULL, NULL, NULL, NULL, 0, 1, '2020-01-20 12:14:54', '2020-02-20 14:42:54', NULL),
(36, 'AB2015', NULL, NULL, NULL, 26, NULL, 0, NULL, NULL, NULL, NULL, NULL, NULL, 0, 1, '2020-01-20 12:14:01', '2020-02-20 14:43:32', NULL),
(38, 'AB2017', NULL, NULL, NULL, 25, NULL, 0, NULL, NULL, NULL, NULL, NULL, NULL, 0, 1, '2020-01-20 06:19:30', '2020-02-20 14:51:10', NULL),
(40, 'AB2018', NULL, NULL, NULL, 25, NULL, 0, NULL, NULL, NULL, NULL, NULL, NULL, 0, 1, '2020-01-20 06:19:30', '2020-02-20 14:51:19', NULL),
(42, 'AB2019', NULL, NULL, NULL, 24, NULL, 0, NULL, NULL, NULL, NULL, NULL, NULL, 0, 1, '2020-01-16 07:24:11', '2020-02-20 14:46:47', NULL),
(43, 'AB2021', NULL, NULL, NULL, 23, NULL, 0, NULL, NULL, NULL, NULL, NULL, NULL, 0, 1, '2020-01-16 06:40:10', '2020-02-20 14:48:24', NULL),
(44, 'AB2020', NULL, NULL, NULL, 23, NULL, 0, NULL, NULL, NULL, NULL, NULL, NULL, 0, 1, '2020-01-16 06:40:10', '2020-02-20 14:48:33', NULL),
(45, 'AA9000', NULL, NULL, 11, NULL, NULL, 1, '2020-02-22 12:42:13', NULL, NULL, NULL, NULL, NULL, 4, 2, '2020-02-22 12:40:28', '2020-02-22 12:42:13', NULL),
(46, NULL, NULL, NULL, NULL, 41, NULL, 0, NULL, NULL, NULL, NULL, NULL, NULL, 0, 1, '2020-02-24 10:10:43', '2020-02-24 10:10:43', NULL),
(47, NULL, NULL, NULL, NULL, 42, NULL, 0, NULL, NULL, NULL, NULL, NULL, NULL, 0, 1, '2020-02-24 12:19:38', '2020-02-24 12:19:38', NULL),
(48, NULL, NULL, NULL, NULL, 43, NULL, 0, NULL, NULL, NULL, NULL, NULL, NULL, 0, 1, '2020-02-25 07:38:55', '2020-02-25 07:38:55', NULL),
(49, NULL, NULL, NULL, NULL, 44, NULL, 0, NULL, NULL, NULL, NULL, NULL, NULL, 0, 1, '2020-02-25 07:54:36', '2020-02-25 07:54:36', NULL),
(50, NULL, NULL, NULL, NULL, 45, NULL, 0, NULL, NULL, NULL, NULL, NULL, NULL, 0, 1, '2020-02-27 11:57:58', '2020-02-27 11:57:58', NULL),
(51, NULL, NULL, NULL, NULL, 46, NULL, 0, NULL, NULL, NULL, NULL, NULL, NULL, 0, 1, '2020-02-27 12:08:19', '2020-02-27 12:08:19', NULL),
(52, NULL, NULL, NULL, NULL, 47, NULL, 0, NULL, NULL, NULL, NULL, NULL, NULL, 0, 1, '2020-02-27 12:12:22', '2020-02-27 12:12:22', NULL),
(53, NULL, NULL, NULL, NULL, 48, NULL, 0, NULL, NULL, NULL, NULL, NULL, NULL, 0, 1, '2020-02-27 12:12:43', '2020-02-27 12:12:43', NULL),
(54, 'AAAAA', NULL, NULL, 12, 49, NULL, 1, NULL, '2020-02-27 12:21:53', NULL, NULL, NULL, '2020-03-05 05:14:25', 1, 1, '2020-02-27 12:16:12', '2020-03-05 05:14:25', NULL),
(55, NULL, NULL, NULL, NULL, 50, NULL, 0, NULL, NULL, NULL, NULL, NULL, NULL, 0, 1, '2020-02-27 12:24:03', '2020-02-27 12:24:03', NULL),
(56, NULL, NULL, NULL, NULL, 51, NULL, 0, NULL, NULL, NULL, NULL, NULL, NULL, 0, 1, '2020-02-27 13:28:55', '2020-02-27 13:28:55', NULL),
(57, NULL, NULL, NULL, NULL, 52, NULL, 0, NULL, NULL, NULL, NULL, NULL, NULL, 0, 1, '2020-02-28 10:40:24', '2020-02-28 10:40:24', NULL),
(58, NULL, NULL, NULL, NULL, 53, NULL, 0, NULL, NULL, NULL, NULL, NULL, NULL, 0, 1, '2020-03-03 08:21:43', '2020-03-03 08:21:43', NULL),
(59, 'bbbbb', NULL, NULL, 13, NULL, 3, 1, '2020-03-04 20:43:21', NULL, NULL, NULL, NULL, '2020-03-04 20:53:52', 4, 2, '2020-03-04 20:40:09', '2020-03-04 20:53:52', NULL);

-- --------------------------------------------------------

--
-- Table structure for table `migrations`
--

CREATE TABLE `migrations` (
  `id` int(10) UNSIGNED NOT NULL,
  `migration` varchar(255) COLLATE utf8mb4_unicode_ci NOT NULL,
  `batch` int(11) NOT NULL
) ENGINE=InnoDB DEFAULT CHARSET=utf8mb4 COLLATE=utf8mb4_unicode_ci;

--
-- Dumping data for table `migrations`
--

INSERT INTO `migrations` (`id`, `migration`, `batch`) VALUES
(22, '2014_10_12_000000_create_users_table', 1),
(23, '2014_10_12_100000_create_password_resets_table', 1),
(24, '2019_12_22_192724_create_admins_table', 1),
(25, '2019_12_22_193237_create_dietitians_table', 1),
(26, '2019_12_22_213809_create_photos_table', 1),
(27, '2019_12_30_140141_create_kits_table', 1),
(28, '2020_01_02_111745_create_products_table', 1),
(29, '2020_01_09_095840_create_coupons_table', 1),
(30, '2020_01_13_130519_create_payments_table', 1),
(31, '2020_01_13_130537_create_orders_table', 1),
(32, '2020_01_14_110718_create_order_details_table', 1),
(33, '2020_01_14_165144_create_errors_table', 1),
(34, '2020_01_22_140200_create_activity_log_table', 1),
(35, '2020_01_28_120836_create_surveys_table', 1),
(36, '2020_01_30_094055_create_questions_table', 1),
(37, '2020_01_30_115520_create_question_langs_table', 1),
(38, '2020_01_30_140349_create_answers_table', 1),
(39, '2020_01_31_091844_create_survey_langs_table', 1),
(40, '2020_01_31_102241_create_survey_sections_table', 1),
(41, '2020_01_31_103144_create_survey_section_langs_table', 1),
(42, '2020_02_04_104911_create_countries_table', 1),
(43, '2020_02_13_143239_create_sessions_table', 2),
(44, '2016_06_01_000001_create_oauth_auth_codes_table', 3),
(45, '2016_06_01_000002_create_oauth_access_tokens_table', 3),
(46, '2016_06_01_000003_create_oauth_refresh_tokens_table', 3),
(47, '2016_06_01_000004_create_oauth_clients_table', 3),
(48, '2016_06_01_000005_create_oauth_personal_access_clients_table', 3),
(49, '2020_03_04_090700_add_vegetarian_column_to_users_tables', 3),
(50, '2020_03_04_113355_add_new_column_to_kits_tables', 3);

-- --------------------------------------------------------

--
-- Table structure for table `oauth_access_tokens`
--

CREATE TABLE `oauth_access_tokens` (
  `id` varchar(100) COLLATE utf8mb4_unicode_ci NOT NULL,
  `user_id` bigint(20) DEFAULT NULL,
  `client_id` int(10) UNSIGNED NOT NULL,
  `name` varchar(255) COLLATE utf8mb4_unicode_ci DEFAULT NULL,
  `scopes` text COLLATE utf8mb4_unicode_ci DEFAULT NULL,
  `revoked` tinyint(1) NOT NULL,
  `created_at` timestamp NULL DEFAULT NULL,
  `updated_at` timestamp NULL DEFAULT NULL,
  `expires_at` datetime DEFAULT NULL
) ENGINE=InnoDB DEFAULT CHARSET=utf8mb4 COLLATE=utf8mb4_unicode_ci;

-- --------------------------------------------------------

--
-- Table structure for table `oauth_auth_codes`
--

CREATE TABLE `oauth_auth_codes` (
  `id` varchar(100) COLLATE utf8mb4_unicode_ci NOT NULL,
  `user_id` bigint(20) NOT NULL,
  `client_id` int(10) UNSIGNED NOT NULL,
  `scopes` text COLLATE utf8mb4_unicode_ci DEFAULT NULL,
  `revoked` tinyint(1) NOT NULL,
  `expires_at` datetime DEFAULT NULL
) ENGINE=InnoDB DEFAULT CHARSET=utf8mb4 COLLATE=utf8mb4_unicode_ci;

-- --------------------------------------------------------

--
-- Table structure for table `oauth_clients`
--

CREATE TABLE `oauth_clients` (
  `id` int(10) UNSIGNED NOT NULL,
  `user_id` bigint(20) DEFAULT NULL,
  `name` varchar(255) COLLATE utf8mb4_unicode_ci NOT NULL,
  `secret` varchar(100) COLLATE utf8mb4_unicode_ci NOT NULL,
  `redirect` text COLLATE utf8mb4_unicode_ci NOT NULL,
  `personal_access_client` tinyint(1) NOT NULL,
  `password_client` tinyint(1) NOT NULL,
  `revoked` tinyint(1) NOT NULL,
  `created_at` timestamp NULL DEFAULT NULL,
  `updated_at` timestamp NULL DEFAULT NULL
) ENGINE=InnoDB DEFAULT CHARSET=utf8mb4 COLLATE=utf8mb4_unicode_ci;

--
-- Dumping data for table `oauth_clients`
--

INSERT INTO `oauth_clients` (`id`, `user_id`, `name`, `secret`, `redirect`, `personal_access_client`, `password_client`, `revoked`, `created_at`, `updated_at`) VALUES
(1, NULL, 'Laravel Personal Access Client', 'FwRkt8EgFdF1Itzoc41a0mnsYcd0vc3bLa1fMpSP', 'http://localhost', 1, 0, 0, '2020-03-04 19:54:02', '2020-03-04 19:54:02'),
(2, NULL, 'Laravel Password Grant Client', 'Te7PKxo8eydjqxEq0iJxuXWYnaxpkRvxjIZfu9yf', 'http://localhost', 0, 1, 0, '2020-03-04 19:54:02', '2020-03-04 19:54:02');

-- --------------------------------------------------------

--
-- Table structure for table `oauth_personal_access_clients`
--

CREATE TABLE `oauth_personal_access_clients` (
  `id` int(10) UNSIGNED NOT NULL,
  `client_id` int(10) UNSIGNED NOT NULL,
  `created_at` timestamp NULL DEFAULT NULL,
  `updated_at` timestamp NULL DEFAULT NULL
) ENGINE=InnoDB DEFAULT CHARSET=utf8mb4 COLLATE=utf8mb4_unicode_ci;

--
-- Dumping data for table `oauth_personal_access_clients`
--

INSERT INTO `oauth_personal_access_clients` (`id`, `client_id`, `created_at`, `updated_at`) VALUES
(1, 1, '2020-03-04 19:54:02', '2020-03-04 19:54:02');

-- --------------------------------------------------------

--
-- Table structure for table `oauth_refresh_tokens`
--

CREATE TABLE `oauth_refresh_tokens` (
  `id` varchar(100) COLLATE utf8mb4_unicode_ci NOT NULL,
  `access_token_id` varchar(100) COLLATE utf8mb4_unicode_ci NOT NULL,
  `revoked` tinyint(1) NOT NULL,
  `expires_at` datetime DEFAULT NULL
) ENGINE=InnoDB DEFAULT CHARSET=utf8mb4 COLLATE=utf8mb4_unicode_ci;

-- --------------------------------------------------------

--
-- Table structure for table `orders`
--

CREATE TABLE `orders` (
  `id` bigint(20) UNSIGNED NOT NULL,
  `payment_id` bigint(20) DEFAULT NULL,
  `coupon_id` bigint(20) DEFAULT NULL,
  `tracking` varchar(255) COLLATE utf8mb4_unicode_ci NOT NULL,
  `status` tinyint(1) NOT NULL DEFAULT 0,
  `address` varchar(255) COLLATE utf8mb4_unicode_ci DEFAULT NULL,
  `name` varchar(255) COLLATE utf8mb4_unicode_ci NOT NULL,
  `email` varchar(255) COLLATE utf8mb4_unicode_ci NOT NULL,
  `dietitian_code` varchar(255) COLLATE utf8mb4_unicode_ci DEFAULT NULL,
  `phone` varchar(255) COLLATE utf8mb4_unicode_ci NOT NULL,
  `price` double(8,2) NOT NULL,
  `checkbox` tinyint(1) NOT NULL DEFAULT 1,
  `cc_name` varchar(255) COLLATE utf8mb4_unicode_ci NOT NULL,
  `card_number` varchar(255) COLLATE utf8mb4_unicode_ci NOT NULL,
  `expiration_month` varchar(255) COLLATE utf8mb4_unicode_ci NOT NULL,
  `expiration_year` varchar(255) COLLATE utf8mb4_unicode_ci NOT NULL,
  `cvc` varchar(255) COLLATE utf8mb4_unicode_ci NOT NULL,
  `created_at` timestamp NULL DEFAULT NULL,
  `updated_at` timestamp NULL DEFAULT NULL
) ENGINE=InnoDB DEFAULT CHARSET=utf8mb4 COLLATE=utf8mb4_unicode_ci;

--
-- Dumping data for table `orders`
--

INSERT INTO `orders` (`id`, `payment_id`, `coupon_id`, `tracking`, `status`, `address`, `name`, `email`, `dietitian_code`, `phone`, `price`, `checkbox`, `cc_name`, `card_number`, `expiration_month`, `expiration_year`, `cvc`, `created_at`, `updated_at`) VALUES
(17, 17, NULL, '20016MoGH04023779', 0, 'Kızılırmak mah.dumlupınar blv.next Level rezidans 6. Kat no 606 Çankaya/Ankara', 'Mehmet soner söğütdelen', 'msonersogutdelen@hotmail.com', NULL, '5326940614', 2295.00, 1, 'Özgür karlı', '4273140109772018', '07', '22', '885', '2020-01-16 06:40:10', '2020-01-16 06:40:10'),
(18, 18, NULL, '20016NYKJ04021439', 0, 'Eryaman Mahallesi 271 Sokak Oyak 555 Konut Sitesi A4 Blok D:57 Etimesgut/Ankara', 'FUAT KAÇUR', 'gulsahugur@yahoo.com', NULL, '5305429571', 1299.00, 1, 'GÜLŞAH UĞUR', '5440788988469018', '10', '23', '984', '2020-01-16 07:24:11', '2020-01-16 07:24:11'),
(19, 19, NULL, '20020MTcD04010805', 0, 'Nurettinpasa sok gül apt no30 d11 bahcelievler istanbul', 'Yasemin feda', 'medihaundes@gmail.com', NULL, '5333281818', 2295.00, 1, 'Yasemin feda', '4022780193105320', '10', '24', '981', '2020-01-20 06:19:30', '2020-01-20 06:19:30'),
(20, 20, NULL, '20020SOAA04026098', 0, 'Seyrani mahallesi 200 evler 13. cadde no:41/A KOCASİNAN/KAYSERİ', 'DEFNE GÖK', 'dr_dondugok@hotmail.com', NULL, '5066803572', 1299.00, 1, 'DEFNE GÖK', '5258644389428080', '06', '23', '340', '2020-01-20 12:14:01', '2020-01-20 12:14:01'),
(21, 21, NULL, '20020SOyH04014104', 0, 'Opet genel merkezi Barbaros mah. Gelincik sok. Ataşehir İstanbul', 'Esin bestel', 'esinbestel@gmail.com', 'Beste alimert', '05337365754', 1299.00, 1, 'Esin Gülşah bestel', '4796126414614233', '11', '22', '971', '2020-01-20 12:14:54', '2020-01-20 12:14:54'),
(22, 22, NULL, '20021NOlA04019939', 0, 'Mustafa Kemal Mahallesi 2118 Cadde B Blok No:4B/118 Çankaya Ankara', 'ONUR ÇETİNCEVİZ', 'edemirer@onurgroup.com', NULL, '5336165800', 1299.00, 1, 'ERDAL DEMİRER', '5437712259856153', '12', '23', '166', '2020-01-21 07:14:38', '2020-01-21 07:14:38'),
(23, 23, NULL, '20027T7qF04022683', 0, 'Güzelyali  Eğitim mahallesi 2.sanayi caddesi yali konaklari sitesi B blok kat:3 daire:6 Mudanya/BURSA', 'Emine Yıldız', 'eminesudepoyraz80@gmail.com', NULL, '05363451021', 1299.00, 1, 'Ahmet Güleç', '4590260015294372', '03', '24', '898', '2020-01-27 13:57:44', '2020-01-27 13:57:44'),
(24, 24, NULL, '20027UCmG04023240', 0, 'Güzelyali eğitim mahallesi söğütlü cadde söğütlü park evleri no:9 C blok daire:6 Mudanya/BURSA', 'Ayşenur Güleç', 'a.gulec16@hotmail.com', NULL, '5423925690', 1299.00, 1, 'AHMET GÜLEÇ', '4590260015294372', '03', '24', '898', '2020-01-27 14:02:39', '2020-01-27 14:02:39'),
(25, 25, NULL, '20028Pc7C04026683', 0, 'Yeniköy mahallesi kümeevler no:211/1 firdilli altı ÇAVUŞLU GÖRELE GİRESUN', 'Yonca Çeliktaş', 'yoncaceliktas@gmail.com', NULL, '5467290748', 2925.00, 1, 'Fatma Gül', '5549604584499038', '07', '21', '852', '2020-01-28 09:28:58', '2020-01-28 09:28:58'),
(26, 26, NULL, '20036MlMC04027221', 0, 'Eskişehir mah Kurtuluş CD mekkareci sk no 1 cevher Ablok kat 6 D7 Şişli istanbul', 'Sezi Levi', 'sezilevi@gmail.com', 'EBS3253264', '5322536047', 1299.00, 1, 'Sezi Levi', '5440785532921023', '11', '21', '640', '2020-02-05 06:37:13', '2020-02-05 06:37:13'),
(27, 27, 130, '20036ObFC04022370', 0, 'Nappo Pizza. Mavisehir Mh. Aziz Nesin Bulvari. Mavibahce AVM No:24/Z04 C Blok Karsiyaka Izmir', 'Ozgur Kilinclar', 'okilinclar@gmail.com', NULL, '5322543390', 1836.00, 1, 'OZGUR KILINCLAR', '4912069126166838', '01', '22', '664', '2020-02-05 08:27:06', '2020-02-05 08:27:06'),
(28, 28, NULL, '20038PH9E04024848', 0, 'Prof dr bülent tarcan cd. No 25/1 gayrettepe istanbul', 'Serdar ayyıldız', 'djserdarayyildiz@gmail.com', NULL, '5337733363', 2295.00, 1, 'Serdar ayyıldız', '5570236082815795', '05', '20', '980', '2020-02-07 09:08:12', '2020-02-07 09:08:12'),
(29, 29, NULL, '20039O9eE04029534', 0, 'Peyamisafa mah. Dereboyu CD 44 numara Akdere mamak ankara', 'Asuman irem Murseloğlu özkan', 'ireem_m@hotmail.com', NULL, '5327683565', 2925.00, 1, 'Asuman irem Murseloğlu', '5406681743233146', '04', '23', '380', '2020-02-08 08:59:34', '2020-02-08 08:59:34'),
(30, 30, NULL, '20041KVPB04023505', 0, 'Mustafa Kemal mah. 2156.sok No:4/10  Çankaya/Ankara', 'Şenay Türkmen (İbrahim Türkmen)', 'sturkmenbilgi@yahoo.com', NULL, '5068153069', 1299.00, 1, 'Şenay Türkmen', '4183448100289455', '08', '24', '446', '2020-02-10 04:21:19', '2020-02-10 04:21:19'),
(31, 31, NULL, '20043LpvG04010364', 0, 'Prof. Dr. A. Taner Kışlalı Mahallesi 2853. Cadde  2857/1 Sokak No:4 ÇANKAYA/ANKARA', 'MERT ÖZGÜN', 'mert@etisan.com', NULL, '5322680103', 1299.00, 1, 'MERT ÖZGÜN', '5218247785352018', '08', '21', '557', '2020-02-12 05:41:48', '2020-02-12 05:41:48'),
(32, 32, NULL, '20043V4BC04029506', 0, 'Macun mah.batı bulvarı. Atb iş merkezi c blok no:46 yıldız sigorta', 'Duygu Derin', 'duygu.derin@yildizsigorta.net', NULL, '5335145919', 1836.00, 1, 'Mehtap derin', '5406681745636940', '01', '24', '549', '2020-02-12 15:54:09', '2020-02-12 15:54:09'),
(33, 33, 19, '20045N7CJ04024373', 0, 'sizin sok. no2/A emelin eczanesi', 'EMEL ÖCALAN', 'emelinecz@outlook.com', NULL, '5325205315', 623.52, 1, 'EMEL ÖCALAN', '5349810009579955', '03', '22', '046', '2020-02-14 07:57:03', '2020-02-14 07:57:03'),
(34, 34, NULL, '20049KUqD04017335', 0, 'ILKADIM MAH. 747. SOK. PARK VADI EVLERI C 5 BLOK D:6 CANKAYA ANKARA', 'SERHAN BACAKSIZ', 'sbacaksiz@limak.com.tr', NULL, '5324053030', 2925.00, 1, 'SERHAN BACAKSIZ', '4912067002355442', '08', '23', '436', '2020-02-18 04:20:49', '2020-02-18 04:20:49'),
(35, 35, 372, '20055NKqC04014752', 0, 'alemdağ sadas', 'ekrem şanslı', 'ekremxsansli@gmail.com', NULL, '5304923262', 1.30, 1, 'ekrem şanslı', '5570236677338351', '12', '21', '436', '2020-02-24 10:10:43', '2020-02-24 10:10:43'),
(36, 36, 374, '20055PTkA04013619', 0, 'Abbasağa Mah. Ihlamur Yıldız Cad.', 'Begüm Ay Kantarcı', 'begumaykantarci@gmail.com', NULL, '05319604220', 0.13, 1, 'Begüm Ay Kantarcı', '4748534010255120', '09', '24', '652', '2020-02-24 12:19:38', '2020-02-24 12:19:38'),
(37, 37, 373, '20056Km3J04027044', 0, 'FİLİZ SOK NO 8', 'ERDİ KELEŞ', 'erdikeles@live.com', NULL, '(553) 799 49 19', 0.13, 1, 'ERDİ KELEŞ', '5345380001226405', '11', '23', '925', '2020-02-25 07:38:55', '2020-02-25 07:38:55'),
(38, 38, 375, '20056K4iF04029689', 0, 'Sivas cad. Renkler sok. Lifos komutları b blok kat:9/17 melikgazi Kayseri', 'Sahinde Miraboglu', 'sahindemiraboglu@gmail.com', NULL, '5339663093', 623.52, 1, 'Emrah Miraboglu', '4320721001961768', '08', '21', '889', '2020-02-25 07:54:36', '2020-02-25 07:54:36'),
(39, 39, 377, '20058O75J04018160', 0, 'Bağlar Mh Hakan Kurtulan Sk No 8/3', 'Laith Atik', 'laythateek@gmail.com', NULL, '05348447726', 0.13, 1, 'LAith ATIK', '5355761528128256', '08', '23', '252', '2020-02-27 11:57:58', '2020-02-27 11:57:58'),
(40, 40, 378, '20058PISE04021649', 0, '1312312 3123 123 213', 'ekrem şanslı', 'ekremxsansli@gmail.com', NULL, '5304923262', 0.13, 1, 'ekrem şanslı', '5570236677338351', '12', '21', '436', '2020-02-27 12:08:19', '2020-02-27 12:08:19'),
(42, 42, 380, '20058PMVA04022055', 0, 'alemdağ sadas', 'ekrem şanslı', 'ekremxsansli@gmail.com', NULL, '5304923262', 0.13, 1, 'Ekrem Şanslı', '5570236677338351', '12', '21', '436', '2020-02-27 12:12:22', '2020-02-27 12:12:22'),
(43, 43, 379, '20058PMqI04019921', 0, 'Harbiye, Atiye Sk. No:8, 34367 Şişli/İstanbul', 'Laith Atik', 'laythateek@gmail.com', NULL, '05348447726', 0.13, 1, 'LAith ATIK', '5355761528128256', '08', '23', '252', '2020-02-27 12:12:43', '2020-02-27 12:12:43'),
(45, 45, 381, '20058PQKF04010355', 0, 'Bağlar Mh Hakan Kurtulan Sk No 8/3', 'Laith Atik', 'laythateek@gmail.com', NULL, '05348447726', 0.13, 1, 'LAith ATIK', '5355761528128256', '08', '23', '252', '2020-02-27 12:16:12', '2020-02-27 12:16:12'),
(47, 47, 382, '20058PYCF04011108', 0, 'Harbiye, Atiye Sk. No:8, 34367 Şişli/İstanbul', 'Laith Atik', 'laythateek@gmail.com', NULL, '05348447726', 0.13, 1, 'LAith ATIK', '5355761528128256', '08', '23', '252', '2020-02-27 12:24:03', '2020-02-27 12:24:03'),
(48, 48, 383, '20058Qc3J04019937', 0, 'alemdağ sadas', 'ekrem şanslı', 'ekremxsansli@gmail.com', NULL, '5304923262', 0.13, 1, 'Ekrem Şanslı', '5570236677338351', '12', '21', '436', '2020-02-27 13:28:55', '2020-02-27 13:28:55'),
(49, 49, 385, '20059NoXF04029059', 0, 'FİLİZ SOK NO 8', 'ERDİ KELEŞ', 'erdikeles@live.com', NULL, '(553) 799 49 19', 0.13, 1, 'ERDİ KELEŞ', '5345380001226405', '11', '23', '925', '2020-02-28 10:40:24', '2020-02-28 10:40:24'),
(50, 50, NULL, '20063LVqB04012940', 0, 'Köybaşı Cad. No;18 Sarıyer/ Yeniköy', 'Demet Taşpınar', 'dtaspinar@yahoo.com', 'Demet Taşpınar Quintern', '5356105591', 1299.00, 1, 'Nevin Hışım', '5407098540726017', '02', '22', '637', '2020-03-03 08:21:43', '2020-03-03 08:21:43');

-- --------------------------------------------------------

--
-- Table structure for table `order_details`
--

CREATE TABLE `order_details` (
  `id` bigint(20) UNSIGNED NOT NULL,
  `order_id` bigint(20) NOT NULL,
  `product_id` bigint(20) NOT NULL,
  `name` varchar(255) COLLATE utf8mb4_unicode_ci NOT NULL,
  `quantity` int(11) NOT NULL DEFAULT 1,
  `price` double NOT NULL,
  `created_at` timestamp NULL DEFAULT NULL,
  `updated_at` timestamp NULL DEFAULT NULL
) ENGINE=InnoDB DEFAULT CHARSET=utf8mb4 COLLATE=utf8mb4_unicode_ci;

--
-- Dumping data for table `order_details`
--

INSERT INTO `order_details` (`id`, `order_id`, `product_id`, `name`, `quantity`, `price`, `created_at`, `updated_at`) VALUES
(23, 17, 15, 'Çift Paketi', 1, 2295, '2020-01-16 06:40:10', '2020-01-16 06:40:10'),
(24, 18, 16, 'Tekli Paket', 1, 1299, '2020-01-16 07:24:11', '2020-01-16 07:24:11'),
(25, 19, 15, 'Çift Paketi', 1, 2295, '2020-01-20 06:19:30', '2020-01-20 06:19:30'),
(26, 20, 16, 'Tekli Paket', 1, 1299, '2020-01-20 12:14:01', '2020-01-20 12:14:01'),
(27, 21, 16, 'Tekli Paket', 1, 1299, '2020-01-20 12:14:54', '2020-01-20 12:14:54'),
(28, 22, 16, 'Tekli Paket', 1, 1299, '2020-01-21 07:14:38', '2020-01-21 07:14:38'),
(29, 23, 16, 'Tekli Paket', 1, 1299, '2020-01-27 13:57:44', '2020-01-27 13:57:44'),
(30, 24, 16, 'Tekli Paket', 1, 1299, '2020-01-27 14:02:39', '2020-01-27 14:02:39'),
(31, 25, 13, 'Üçlü Diyet Paketi', 1, 2925, '2020-01-28 09:28:58', '2020-01-28 09:28:58'),
(32, 26, 16, 'Tekli Paket', 1, 1299, '2020-02-05 06:37:13', '2020-02-05 06:37:13'),
(33, 27, 15, 'Çift Paketi', 1, 2295, '2020-02-05 08:27:06', '2020-02-05 08:27:06'),
(34, 28, 15, 'Çift Paketi', 1, 2295, '2020-02-07 09:08:12', '2020-02-07 09:08:12'),
(35, 29, 13, 'Üçlü Diyet Paketi', 1, 2925, '2020-02-08 08:59:34', '2020-02-08 08:59:34'),
(36, 30, 16, 'Tekli Paket', 1, 1299, '2020-02-10 04:21:19', '2020-02-10 04:21:19'),
(37, 31, 16, 'Tekli Paket', 1, 1299, '2020-02-12 05:41:48', '2020-02-12 05:41:48'),
(38, 32, 15, 'Sevgililer Gününe Özel Çift Paketi', 1, 1836, '2020-02-12 15:54:09', '2020-02-12 15:54:09'),
(39, 33, 16, 'Tekli Paket', 1, 1299, '2020-02-14 07:57:03', '2020-02-14 07:57:03'),
(40, 34, 13, 'Üçlü Diyet Paketi', 1, 2925, '2020-02-18 04:20:49', '2020-02-18 04:20:49'),
(41, 35, 16, 'Tekli Paket', 1, 1299, '2020-02-24 10:10:43', '2020-02-24 10:10:43'),
(42, 36, 16, 'Tekli Paket', 1, 1299, '2020-02-24 12:19:38', '2020-02-24 12:19:38'),
(43, 37, 16, 'Tekli Paket', 1, 1299, '2020-02-25 07:38:55', '2020-02-25 07:38:55'),
(44, 38, 16, 'Tekli Paket', 1, 1299, '2020-02-25 07:54:36', '2020-02-25 07:54:36'),
(45, 39, 16, 'Tekli Paket', 1, 1299, '2020-02-27 11:57:58', '2020-02-27 11:57:58'),
(46, 40, 16, 'Tekli Paket', 1, 1299, '2020-02-27 12:08:19', '2020-02-27 12:08:19'),
(47, 42, 16, 'Tekli Paket', 1, 1299, '2020-02-27 12:12:22', '2020-02-27 12:12:22'),
(48, 43, 16, 'Tekli Paket', 1, 1299, '2020-02-27 12:12:43', '2020-02-27 12:12:43'),
(49, 45, 16, 'Tekli Paket', 1, 1299, '2020-02-27 12:16:12', '2020-02-27 12:16:12'),
(50, 47, 16, 'Tekli Paket', 1, 1299, '2020-02-27 12:24:03', '2020-02-27 12:24:03'),
(51, 48, 16, 'Tekli Paket', 1, 1299, '2020-02-27 13:28:55', '2020-02-27 13:28:55'),
(52, 49, 16, 'Tekli Paket', 1, 1299, '2020-02-28 10:40:24', '2020-02-28 10:40:24'),
(53, 50, 16, 'Tekli Paket', 1, 1299, '2020-03-03 08:21:43', '2020-03-03 08:21:43');

-- --------------------------------------------------------

--
-- Table structure for table `password_resets`
--

CREATE TABLE `password_resets` (
  `email` varchar(255) COLLATE utf8mb4_unicode_ci NOT NULL,
  `token` varchar(255) COLLATE utf8mb4_unicode_ci NOT NULL,
  `created_at` timestamp NULL DEFAULT NULL
) ENGINE=InnoDB DEFAULT CHARSET=utf8mb4 COLLATE=utf8mb4_unicode_ci;

-- --------------------------------------------------------

--
-- Table structure for table `payments`
--

CREATE TABLE `payments` (
  `id` bigint(20) UNSIGNED NOT NULL,
  `ReturnOid` varchar(255) COLLATE utf8mb4_unicode_ci DEFAULT NULL,
  `TRANID` varchar(255) COLLATE utf8mb4_unicode_ci DEFAULT NULL,
  `PAResSyntaxOK` varchar(255) COLLATE utf8mb4_unicode_ci DEFAULT NULL,
  `Filce` varchar(255) COLLATE utf8mb4_unicode_ci DEFAULT NULL,
  `firmaadi` varchar(255) COLLATE utf8mb4_unicode_ci DEFAULT NULL,
  `islemtipi` varchar(255) COLLATE utf8mb4_unicode_ci DEFAULT NULL,
  `total1` varchar(255) COLLATE utf8mb4_unicode_ci DEFAULT NULL,
  `lang` varchar(255) COLLATE utf8mb4_unicode_ci DEFAULT NULL,
  `merchantID` varchar(255) COLLATE utf8mb4_unicode_ci DEFAULT NULL,
  `maskedCreditCard` varchar(255) COLLATE utf8mb4_unicode_ci DEFAULT NULL,
  `amount` varchar(255) COLLATE utf8mb4_unicode_ci DEFAULT NULL,
  `sID` varchar(255) COLLATE utf8mb4_unicode_ci DEFAULT NULL,
  `ACQBIN` varchar(255) COLLATE utf8mb4_unicode_ci DEFAULT NULL,
  `itemnumber1` varchar(255) COLLATE utf8mb4_unicode_ci DEFAULT NULL,
  `Ecom_Payment_Card_ExpDate_Year` varchar(255) COLLATE utf8mb4_unicode_ci DEFAULT NULL,
  `EXTRA_CARDBRAND` varchar(255) COLLATE utf8mb4_unicode_ci DEFAULT NULL,
  `storekey` varchar(255) COLLATE utf8mb4_unicode_ci DEFAULT NULL,
  `MaskedPan` varchar(255) COLLATE utf8mb4_unicode_ci DEFAULT NULL,
  `acqStan` varchar(255) COLLATE utf8mb4_unicode_ci DEFAULT NULL,
  `Fadres` varchar(255) COLLATE utf8mb4_unicode_ci DEFAULT NULL,
  `EXTRA_CAVVRESULTCODE` varchar(255) COLLATE utf8mb4_unicode_ci DEFAULT NULL,
  `clientIp` varchar(255) COLLATE utf8mb4_unicode_ci DEFAULT NULL,
  `iReqDetail` varchar(255) COLLATE utf8mb4_unicode_ci DEFAULT NULL,
  `okUrl` varchar(255) COLLATE utf8mb4_unicode_ci DEFAULT NULL,
  `md` varchar(255) COLLATE utf8mb4_unicode_ci DEFAULT NULL,
  `ProcReturnCode` varchar(255) COLLATE utf8mb4_unicode_ci DEFAULT NULL,
  `payResults_dsId` varchar(255) COLLATE utf8mb4_unicode_ci DEFAULT NULL,
  `vendorCode` varchar(255) COLLATE utf8mb4_unicode_ci DEFAULT NULL,
  `taksit` varchar(255) COLLATE utf8mb4_unicode_ci DEFAULT NULL,
  `TransId` varchar(255) COLLATE utf8mb4_unicode_ci DEFAULT NULL,
  `EXTRA_TRXDATE` varchar(255) COLLATE utf8mb4_unicode_ci DEFAULT NULL,
  `productcode1` varchar(255) COLLATE utf8mb4_unicode_ci DEFAULT NULL,
  `Fil` varchar(255) COLLATE utf8mb4_unicode_ci DEFAULT NULL,
  `Ecom_Payment_Card_ExpDate_Month` varchar(255) COLLATE utf8mb4_unicode_ci DEFAULT NULL,
  `storetype` varchar(255) COLLATE utf8mb4_unicode_ci DEFAULT NULL,
  `iReqCode` varchar(255) COLLATE utf8mb4_unicode_ci DEFAULT NULL,
  `Response` varchar(255) COLLATE utf8mb4_unicode_ci DEFAULT NULL,
  `tulkekod` varchar(255) COLLATE utf8mb4_unicode_ci DEFAULT NULL,
  `SettleId` varchar(255) COLLATE utf8mb4_unicode_ci DEFAULT NULL,
  `mdErrorMsg` varchar(255) COLLATE utf8mb4_unicode_ci DEFAULT NULL,
  `ErrMsg` varchar(255) COLLATE utf8mb4_unicode_ci DEFAULT NULL,
  `EXTRA_SGKTUTAR` varchar(255) COLLATE utf8mb4_unicode_ci DEFAULT NULL,
  `PAResVerified` varchar(255) COLLATE utf8mb4_unicode_ci DEFAULT NULL,
  `cavv` text COLLATE utf8mb4_unicode_ci DEFAULT NULL,
  `id1` text COLLATE utf8mb4_unicode_ci DEFAULT NULL,
  `digest` text COLLATE utf8mb4_unicode_ci DEFAULT NULL,
  `HostRefNum` text COLLATE utf8mb4_unicode_ci DEFAULT NULL,
  `callbackCall` text COLLATE utf8mb4_unicode_ci DEFAULT NULL,
  `AuthCode` text COLLATE utf8mb4_unicode_ci DEFAULT NULL,
  `failUrl` text COLLATE utf8mb4_unicode_ci DEFAULT NULL,
  `cavvAlgorithm` text COLLATE utf8mb4_unicode_ci DEFAULT NULL,
  `Fpostakodu` text COLLATE utf8mb4_unicode_ci DEFAULT NULL,
  `price1` text COLLATE utf8mb4_unicode_ci DEFAULT NULL,
  `faturaFirma` text COLLATE utf8mb4_unicode_ci DEFAULT NULL,
  `xid` text COLLATE utf8mb4_unicode_ci DEFAULT NULL,
  `encoding` text COLLATE utf8mb4_unicode_ci DEFAULT NULL,
  `oid` text COLLATE utf8mb4_unicode_ci DEFAULT NULL,
  `mdStatus` text COLLATE utf8mb4_unicode_ci DEFAULT NULL,
  `dsId` text COLLATE utf8mb4_unicode_ci DEFAULT NULL,
  `eci` text COLLATE utf8mb4_unicode_ci DEFAULT NULL,
  `version` text COLLATE utf8mb4_unicode_ci DEFAULT NULL,
  `Fadres2` text COLLATE utf8mb4_unicode_ci DEFAULT NULL,
  `EXTRA_CARDHOLDERNAME` text COLLATE utf8mb4_unicode_ci DEFAULT NULL,
  `Fismi` text COLLATE utf8mb4_unicode_ci DEFAULT NULL,
  `qty1` text COLLATE utf8mb4_unicode_ci DEFAULT NULL,
  `desc1` text COLLATE utf8mb4_unicode_ci DEFAULT NULL,
  `EXTRA_CARDISSUER` text COLLATE utf8mb4_unicode_ci DEFAULT NULL,
  `clientid` text COLLATE utf8mb4_unicode_ci DEFAULT NULL,
  `txstatus` text COLLATE utf8mb4_unicode_ci DEFAULT NULL,
  `_charset_` text COLLATE utf8mb4_unicode_ci DEFAULT NULL,
  `HASH` text COLLATE utf8mb4_unicode_ci DEFAULT NULL,
  `rnd` text COLLATE utf8mb4_unicode_ci DEFAULT NULL,
  `HASHPARAMS` text COLLATE utf8mb4_unicode_ci DEFAULT NULL,
  `HASHPARAMSVAL` text COLLATE utf8mb4_unicode_ci DEFAULT NULL,
  `created_at` timestamp NULL DEFAULT NULL,
  `updated_at` timestamp NULL DEFAULT NULL
) ENGINE=InnoDB DEFAULT CHARSET=utf8mb4 COLLATE=utf8mb4_unicode_ci;

--
-- Dumping data for table `payments`
--

INSERT INTO `payments` (`id`, `ReturnOid`, `TRANID`, `PAResSyntaxOK`, `Filce`, `firmaadi`, `islemtipi`, `total1`, `lang`, `merchantID`, `maskedCreditCard`, `amount`, `sID`, `ACQBIN`, `itemnumber1`, `Ecom_Payment_Card_ExpDate_Year`, `EXTRA_CARDBRAND`, `storekey`, `MaskedPan`, `acqStan`, `Fadres`, `EXTRA_CAVVRESULTCODE`, `clientIp`, `iReqDetail`, `okUrl`, `md`, `ProcReturnCode`, `payResults_dsId`, `vendorCode`, `taksit`, `TransId`, `EXTRA_TRXDATE`, `productcode1`, `Fil`, `Ecom_Payment_Card_ExpDate_Month`, `storetype`, `iReqCode`, `Response`, `tulkekod`, `SettleId`, `mdErrorMsg`, `ErrMsg`, `EXTRA_SGKTUTAR`, `PAResVerified`, `cavv`, `id1`, `digest`, `HostRefNum`, `callbackCall`, `AuthCode`, `failUrl`, `cavvAlgorithm`, `Fpostakodu`, `price1`, `faturaFirma`, `xid`, `encoding`, `oid`, `mdStatus`, `dsId`, `eci`, `version`, `Fadres2`, `EXTRA_CARDHOLDERNAME`, `Fismi`, `qty1`, `desc1`, `EXTRA_CARDISSUER`, `clientid`, `txstatus`, `_charset_`, `HASH`, `rnd`, `HASHPARAMS`, `HASHPARAMSVAL`, `created_at`, `updated_at`) VALUES
(17, 'ORDER-20016MoGH04023779', NULL, 'true', 'Şişli', 'EnBiosis', 'Auth', '7.50', 'tr', '400940535', '4273 14** **** 2018', '2295', '1', '440293', 'a1', '22', 'VISA', 'ENDIET19', '427314***2018', '000041', 'Harbiye, Atiye Sokak. Kat: 2 No:8, Şişli/Istanbul', '2', '3.124.196.24', NULL, 'http://www.enbiosis.com/checkout-result', '427314:65C5230B6DA1FC0D26B0927666C74AC17B384F87B1A7A797971ED8B03F716E7F:3966:##400940535', '00', '1', NULL, NULL, '20016MoGH04023781', '20200116 12:40:06', 'a2', 'Istanbul', '07', '3d_pay', NULL, 'Approved', 'tr', '98', 'Authenticated', NULL, '2295.0', 'false', 'AAABB2CBEzeIFnGBKIETAAAAAAA=', 'a5', 'digest', '001612999905', 'true', '482255', 'http://www.enbiosis.com/checkout-result', '2', 'postakod34367', '6.25', 'faturaFirma', '7qFVPabshIH33PKsV02Qyn+TCQk=', 'ISO-8859-9', NULL, '1', '1', '05', '2.0', 'XXX', NULL, 'is', '3', 'a4 desc', 'T. GARANTI BANKASI A.S.', '400940535', 'Y', 'UTF-8', 'fKnsd/xp/I4pQijTICnMqWEWYi8=', 'igNcgP3xy9mjrJvQjhbI', 'clientid:oid:AuthCode:ProcReturnCode:Response:mdStatus:cavv:eci:md:rnd:', '40094053548225500Approved1AAABB2CBEzeIFnGBKIETAAAAAAA=05427314:65C5230B6DA1FC0D26B0927666C74AC17B384F87B1A7A797971ED8B03F716E7F:3966:##400940535igNcgP3xy9mjrJvQjhbI', '2020-01-16 06:40:10', '2020-01-16 06:40:10'),
(18, 'ORDER-20016NYKJ04021439', NULL, 'true', 'Şişli', 'EnBiosis', 'Auth', '7.50', 'tr', '400940535', '5440 78** **** 9018', '1299', '2', '510138', 'a1', '23', 'MASTERCARD', 'ENDIET19', '544078***9018', '000042', 'Harbiye, Atiye Sokak. Kat: 2 No:8, Şişli/Istanbul', '2', '3.124.196.24', NULL, 'http://www.enbiosis.com/checkout-result', '544078:77B4ECCB85A94E7878E7DD8F6EA0848750A54D3F1B48CC08084E250C235ABDDC:3855:##400940535', '00', '2', NULL, NULL, '20016NYKJ04021441', '20200116 13:24:10', 'a2', 'Istanbul', '10', '3d_pay', NULL, 'Approved', 'tr', '98', 'Authenticated', NULL, '1299.0', 'false', 'jAgBBgkIAAYEBQEGBwgDFxKyDgc=', 'a5', 'digest', '001613003268', 'true', '753700', 'http://www.enbiosis.com/checkout-result', '3', 'postakod34367', '6.25', 'faturaFirma', 'oFWCSB/W/C9dylHV5MuISyMw4k8=', 'ISO-8859-9', NULL, '1', '2', '02', '2.0', 'XXX', NULL, 'is', '3', 'a4 desc', 'T. GARANTI BANKASI A.S.', '400940535', 'Y', 'utf-8', 'C4AxBcG0uwbOAfp+TPyQaBTtI6g=', 'aOrUxe9wtM3skCUhJlYZ', 'clientid:oid:AuthCode:ProcReturnCode:Response:mdStatus:cavv:eci:md:rnd:', '40094053575370000Approved1jAgBBgkIAAYEBQEGBwgDFxKyDgc=02544078:77B4ECCB85A94E7878E7DD8F6EA0848750A54D3F1B48CC08084E250C235ABDDC:3855:##400940535aOrUxe9wtM3skCUhJlYZ', '2020-01-16 07:24:11', '2020-01-16 07:24:11'),
(19, 'ORDER-20020MTcD04010805', NULL, NULL, 'Şişli', 'EnBiosis', 'Auth', '7.50', 'tr', NULL, '4022 78** **** 5320', '2295', NULL, NULL, 'a1', '24', 'VISA', 'ENDIET19', '402278***5320', '000044', 'Harbiye, Atiye Sokak. Kat: 2 No:8, Şişli/Istanbul', NULL, '3.124.196.24', NULL, 'http://www.enbiosis.com/checkout-result', '402278:EF67CE77765DA71561CDE94A1D25581C0352A37A62DE6CD2F9C2C01E2FA2C04A:4005:##400940535', '00', NULL, NULL, NULL, '20020MTcD04010807', '20200120 12:19:28', 'a2', 'Istanbul', '10', '3d_pay', NULL, 'Approved', 'tr', '102', 'Success', NULL, '2295.0', NULL, 'ABIBB0gAAL9yACKVAAAAAAAAAAA=', 'a5', NULL, '002012298717', 'true', '205368', 'http://www.enbiosis.com/checkout-result', NULL, 'postakod34367', '6.25', 'faturaFirma', '6vaaDTuLr0CTJ6SAiUxn9vmCdy0=', 'ISO-8859-9', NULL, '1', NULL, '02', NULL, 'XXX', 'YA* FE*', 'is', '3', 'a4 desc', 'FINANSBANK A.S.', NULL, NULL, NULL, 'XY2DlRTl+SePaYABvTnnxcq4DT4=', 'rnh7M6C6pb07dAFw7dcK', 'clientid:oid:AuthCode:ProcReturnCode:Response:mdStatus:cavv:eci:md:rnd:', '40094053520536800Approved1ABIBB0gAAL9yACKVAAAAAAAAAAA=02402278:EF67CE77765DA71561CDE94A1D25581C0352A37A62DE6CD2F9C2C01E2FA2C04A:4005:##400940535rnh7M6C6pb07dAFw7dcK', '2020-01-20 06:19:30', '2020-01-20 06:19:30'),
(20, 'ORDER-20020SOAA04026098', NULL, 'true', 'Şişli', 'EnBiosis', 'Auth', '7.50', 'tr', '400940535', '5258 64** **** 8080', '1299', '2', '510138', 'a1', '23', 'MASTERCARD', 'ENDIET19', '525864***8080', '000045', 'Harbiye, Atiye Sokak. Kat: 2 No:8, Şişli/Istanbul', '2', '3.124.196.24', NULL, 'http://enbiosis.com/checkout-result', '525864:0570723E35A0E9D40AB10427604F54FA44EC9BA8793944C46A2EC3B03BC89FD2:3910:##400940535', '00', '2', NULL, NULL, '20020SOAB04026100', '20200120 18:14:00', 'a2', 'Istanbul', '06', '3d_pay', NULL, 'Approved', 'tr', '102', 'Authenticated', NULL, '1299.0', 'false', 'jOfWN9WLoNcoCREDCtMAB1EAAAA=', 'a5', 'digest', '002018327480', 'true', '337328', 'http://enbiosis.com/checkout-result', '3', 'postakod34367', '6.25', 'faturaFirma', '5s0KwWyaDmBGCg5h+FuaPLJTd5c=', 'ISO-8859-9', NULL, '1', '2', '02', '2.0', 'XXX', 'DE* GO*', 'is', '3', 'a4 desc', 'YAPI VE KREDI BANKASI A.S.', '400940535', 'Y', 'utf-8', 'n0wHHyxxlTVcu+SucfoEsXCCmE4=', '4Sd6MJVdN8N+190I6TiS', 'clientid:oid:AuthCode:ProcReturnCode:Response:mdStatus:cavv:eci:md:rnd:', '40094053533732800Approved1jOfWN9WLoNcoCREDCtMAB1EAAAA=02525864:0570723E35A0E9D40AB10427604F54FA44EC9BA8793944C46A2EC3B03BC89FD2:3910:##4009405354Sd6MJVdN8N+190I6TiS', '2020-01-20 12:14:01', '2020-01-20 12:14:01'),
(21, 'ORDER-20020SOyH04014104', NULL, 'true', 'Şişli', 'EnBiosis', 'Auth', '7.50', 'tr', '400940535', '4796 12** **** 4233', '1299', '1', '440293', 'a1', '22', 'VISA', 'ENDIET19', '479612***4233', '000046', 'Harbiye, Atiye Sokak. Kat: 2 No:8, Şişli/Istanbul', '2', '3.124.196.24', NULL, 'http://enbiosis.com/checkout-result', '479612:31E1479AAE345A6A3B268CF7E8E428816538A7A13F07AFE26FDF3ACD823EE4F8:4255:##400940535', '00', '1', NULL, NULL, '20020SOyI04014106', '20200120 18:14:50', 'a2', 'Istanbul', '11', '3d_pay', NULL, 'Approved', 'tr', '102', 'Authenticated', NULL, '1299.0', 'false', 'AAABAQYiFAAAAXBRBCIUAAAAAAA=', 'a5', 'digest', '002018327546', 'true', '353276', 'http://enbiosis.com/checkout-result', '2', 'postakod34367', '6.25', 'faturaFirma', 'FXBpS76hX7+8yx6yhAZWSavKUkM=', 'ISO-8859-9', NULL, '1', '1', '05', '2.0', 'XXX', 'ES* GU* BE*', 'is', '3', 'a4 desc', 'YAPI VE KREDI BANKASI A.S.', '400940535', 'Y', 'UTF-8', 'cCX/GML/fTIT/cflPN6dLXxqBFo=', 'D/xdG7UXW8L8w+Hv4u7N', 'clientid:oid:AuthCode:ProcReturnCode:Response:mdStatus:cavv:eci:md:rnd:', '40094053535327600Approved1AAABAQYiFAAAAXBRBCIUAAAAAAA=05479612:31E1479AAE345A6A3B268CF7E8E428816538A7A13F07AFE26FDF3ACD823EE4F8:4255:##400940535D/xdG7UXW8L8w+Hv4u7N', '2020-01-20 12:14:54', '2020-01-20 12:14:54'),
(22, 'ORDER-20021NOlA04019939', NULL, NULL, 'Şişli', 'EnBiosis', 'Auth', '7.50', 'tr', NULL, '5437 71** **** 6153', '1299', NULL, NULL, 'a1', '23', 'MASTERCARD', 'ENDIET19', '543771***6153', '000047', 'Harbiye, Atiye Sokak. Kat: 2 No:8, Şişli/Istanbul', '2', '3.124.196.24', NULL, 'http://enbiosis.com/checkout-result', '543771:99114E055273546A776D7B3444CD6C60B21BB0BB783114A80DA08B2599BC635D:3327:##400940535', '00', NULL, NULL, NULL, '20021NOlA04019941', '20200121 13:14:36', 'a2', 'Istanbul', '12', '3d_pay', NULL, 'Approved', 'tr', '103', 'Success', NULL, '1299.0', NULL, 'ABIBBTIAAEdiABKZAAAAAAAAAAA=', 'a5', NULL, '002113383540', 'true', '822076', 'http://enbiosis.com/checkout-result', NULL, 'postakod34367', '6.25', 'faturaFirma', 'H2svcVZqOThJay6/ArgFj4M0U6M=', 'ISO-8859-9', NULL, '1', NULL, '02', NULL, 'XXX', 'ER* DE*', 'is', '3', 'a4 desc', 'T. IS BANKASI A.S.', NULL, NULL, NULL, 'Zwbyp/TTLDiTyMHLFOMO2vkF+cA=', '18thUif+JMdeUGQDYbQK', 'clientid:oid:AuthCode:ProcReturnCode:Response:mdStatus:cavv:eci:md:rnd:', '40094053582207600Approved1ABIBBTIAAEdiABKZAAAAAAAAAAA=02543771:99114E055273546A776D7B3444CD6C60B21BB0BB783114A80DA08B2599BC635D:3327:##40094053518thUif+JMdeUGQDYbQK', '2020-01-21 07:14:38', '2020-01-21 07:14:38'),
(23, 'ORDER-20027T7qF04022683', NULL, 'true', 'Şişli', 'EnBiosis', 'Auth', '7.50', 'tr', '400940535', '4590 26** **** 4372', '1299', '1', '440293', 'a1', '24', 'VISA', 'ENDIET19', '459026***4372', '000049', 'Harbiye, Atiye Sokak. Kat: 2 No:8, Şişli/Istanbul', '2', '3.124.196.24', NULL, 'http://enbiosis.com/checkout-result', '459026:D16E65A9D9A38B4DA0ED924FEAF78A3964C8B274A96727FFCDF520C7E3996C6B:4919:##400940535', '00', '1', NULL, NULL, '20027T7qF04022685', '20200127 19:57:42', 'a2', 'Istanbul', '03', '3d_pay', NULL, 'Approved', 'tr', '109', 'Authenticated', NULL, '1299.0', 'false', 'AAABCChhZgAAAXEJaGFmAAAAAAA=', 'a5', 'digest', '002719775207', 'true', '870259', 'http://enbiosis.com/checkout-result', '2', 'postakod34367', '6.25', 'faturaFirma', '3+I6Y1AqdRZv1AIF3B+SCIRbstU=', 'ISO-8859-9', NULL, '1', '1', '05', '2.0', 'XXX', 'AH* GÜ*', 'is', '3', 'a4 desc', 'TÜRK EKONOMI BANKASI A.S.', '400940535', 'Y', 'UTF-8', 'canvoWg+qrvZRIopjCfh2bZcplk=', 'HgkRDwULFxXDjaA6ZDzj', 'clientid:oid:AuthCode:ProcReturnCode:Response:mdStatus:cavv:eci:md:rnd:', '40094053587025900Approved1AAABCChhZgAAAXEJaGFmAAAAAAA=05459026:D16E65A9D9A38B4DA0ED924FEAF78A3964C8B274A96727FFCDF520C7E3996C6B:4919:##400940535HgkRDwULFxXDjaA6ZDzj', '2020-01-27 13:57:44', '2020-01-27 13:57:44'),
(24, 'ORDER-20027UCmG04023240', NULL, 'true', 'Şişli', 'EnBiosis', 'Auth', '7.50', 'tr', '400940535', '4590 26** **** 4372', '1299', '1', '440293', 'a1', '24', 'VISA', 'ENDIET19', '459026***4372', '000050', 'Harbiye, Atiye Sokak. Kat: 2 No:8, Şişli/Istanbul', '2', '3.124.196.24', NULL, 'http://enbiosis.com/checkout-result', '459026:0F47EDC2D4A852CA05D4E66B64E4656EF2EAAC7FF7E93D1FF34C2A41F733E417:4596:##400940535', '00', '1', NULL, NULL, '20027UCmG04023242', '20200127 20:02:38', 'a2', 'Istanbul', '03', '3d_pay', NULL, 'Approved', 'tr', '109', 'Authenticated', NULL, '1299.0', 'false', 'AAABAkgQkgAAAXEJeBCSAAAAAAA=', 'a5', 'digest', '002720775418', 'true', '897190', 'http://enbiosis.com/checkout-result', '2', 'postakod34367', '6.25', 'faturaFirma', 'KPQEpYwuM3X3mV2S3uk9Jh25weg=', 'ISO-8859-9', NULL, '1', '1', '05', '2.0', 'XXX', 'AH* GÜ*', 'is', '3', 'a4 desc', 'TÜRK EKONOMI BANKASI A.S.', '400940535', 'Y', 'UTF-8', 'CUsR+fTanP4g9mF55kdfcZxPzfI=', 'dAkKRFIZW1YMlZCXzutJ', 'clientid:oid:AuthCode:ProcReturnCode:Response:mdStatus:cavv:eci:md:rnd:', '40094053589719000Approved1AAABAkgQkgAAAXEJeBCSAAAAAAA=05459026:0F47EDC2D4A852CA05D4E66B64E4656EF2EAAC7FF7E93D1FF34C2A41F733E417:4596:##400940535dAkKRFIZW1YMlZCXzutJ', '2020-01-27 14:02:39', '2020-01-27 14:02:39'),
(25, 'ORDER-20028Pc7C04026683', NULL, 'true', 'Şişli', 'EnBiosis', 'Auth', '7.50', 'tr', '400940535', '5549 60** **** 9038', '2925', '2', '510138', 'a1', '21', 'MASTERCARD', 'ENDIET19', '554960***9038', '000051', 'Harbiye, Atiye Sokak. Kat: 2 No:8, Şişli/Istanbul', '2', '3.124.196.24', NULL, 'http://www.enbiosis.com/checkout-result', '554960:C5BC39F181ACA6EA2DED64F1043551EF303630DAFD20AD306BB02D09E5335A61:4062:##400940535', '00', '2', NULL, NULL, '20028Pc7C04026685', '20200128 15:28:57', 'a2', 'Istanbul', '07', '3d_pay', NULL, 'Approved', 'tr', '110', 'Authenticated', NULL, '2925.0', 'false', 'jAkCAQQBAAcFAQEDAQEEx0lgHNE=', 'a5', 'digest', '002815824797', 'true', '979567', 'http://www.enbiosis.com/checkout-result', '3', 'postakod34367', '6.25', 'faturaFirma', 'nK47AIqVqTvIAXaWYDWbRBYaa1I=', 'ISO-8859-9', NULL, '1', '2', '02', '2.0', 'XXX', NULL, 'is', '3', 'a4 desc', 'T. GARANTI BANKASI A.S.', '400940535', 'Y', 'UTF-8', 'Y3uEfg9NWO3KycqhmpkvMFHANBo=', 'hOw/dcfuqkpH3Vcr6bko', 'clientid:oid:AuthCode:ProcReturnCode:Response:mdStatus:cavv:eci:md:rnd:', '40094053597956700Approved1jAkCAQQBAAcFAQEDAQEEx0lgHNE=02554960:C5BC39F181ACA6EA2DED64F1043551EF303630DAFD20AD306BB02D09E5335A61:4062:##400940535hOw/dcfuqkpH3Vcr6bko', '2020-01-28 09:28:58', '2020-01-28 09:28:58'),
(26, 'ORDER-20036MlMC04027221', NULL, 'true', 'Şişli', 'EnBiosis', 'Auth', '7.50', 'tr', '400940535', '5440 78** **** 1023', '1299', '2', '510138', 'a1', '21', 'MASTERCARD', 'ENDIET19', '544078***1023', '000053', 'Harbiye, Atiye Sokak. Kat: 2 No:8, Şişli/Istanbul', '2', '3.124.196.24', NULL, 'http://www.enbiosis.com/checkout-result', '544078:EDC23CFEA3674ADBD1944DCB8CF76163479C1861B4D373F6322E6D2CE5AFCE5A:4573:##400940535', '00', '2', NULL, NULL, '20036MlMC04027225', '20200205 12:37:12', 'a2', 'Istanbul', '11', '3d_pay', NULL, 'Approved', 'tr', '118', 'Authenticated', NULL, '1299.0', 'false', 'jAkICQUAAAgDBwcCBwQJETF9pCY=', 'a5', 'digest', '003612366725', 'true', '736443', 'http://www.enbiosis.com/checkout-result', '3', 'postakod34367', '6.25', 'faturaFirma', 'PESuKb2YSnFRR4B2g/MK5jstPT0=', 'ISO-8859-9', NULL, '1', '2', '02', '4.0', 'XXX', NULL, 'is', '3', 'a4 desc', 'T. GARANTI BANKASI A.S.', '400940535', NULL, 'UTF-8', 'qJIUAqfWjRsgROVfrM7c9Yv8Z4c=', 'WPKdFa1OZ3CcvaJ5Suk5', 'clientid:oid:AuthCode:ProcReturnCode:Response:mdStatus:cavv:eci:md:rnd:', '40094053573644300Approved1jAkICQUAAAgDBwcCBwQJETF9pCY=02544078:EDC23CFEA3674ADBD1944DCB8CF76163479C1861B4D373F6322E6D2CE5AFCE5A:4573:##400940535WPKdFa1OZ3CcvaJ5Suk5', '2020-02-05 06:37:13', '2020-02-05 06:37:13'),
(27, 'ORDER-20036ObFC04022370', NULL, 'true', 'Şişli', 'EnBiosis', 'Auth', '7.50', 'tr', '400940535', '4912 06** **** 6838', '1836', '1', '440293', 'a1', '22', 'VISA', 'ENDIET19', '491206***6838', '000054', 'Harbiye, Atiye Sokak. Kat: 2 No:8, Şişli/Istanbul', '2', '3.124.196.24', NULL, 'http://www.enbiosis.com/checkout-result', '491206:CF0C1A842291A858C430ADEF72D5C1D07B8DF13E1B2E0C83A0B2B1660B1EF1C1:4071:##400940535', '00', '1', NULL, NULL, '20036ObFC04022372', '20200205 14:27:05', 'a2', 'Istanbul', '01', '3d_pay', NULL, 'Approved', 'tr', '118', 'Authenticated', NULL, '1836.0', 'false', 'AAABBDIVRQAAAXGFYBVFAAAAAAA=', 'a5', 'digest', '003614373725', 'true', '258772', 'http://www.enbiosis.com/checkout-result', '2', 'postakod34367', '6.25', 'faturaFirma', 'XqnwDudsM7N5D3ZJwRwq+jJSAoo=', 'ISO-8859-9', NULL, '1', '1', '05', '4.0', 'XXX', 'OZ* KI*', 'is', '3', 'a4 desc', 'YAPI VE KREDI BANKASI A.S.', '400940535', NULL, 'UTF-8', 'tYCJtKCWsns6L0HR2oiK8MT5+B0=', 'LLOm467CgzXLKaO29afZ', 'clientid:oid:AuthCode:ProcReturnCode:Response:mdStatus:cavv:eci:md:rnd:', '40094053525877200Approved1AAABBDIVRQAAAXGFYBVFAAAAAAA=05491206:CF0C1A842291A858C430ADEF72D5C1D07B8DF13E1B2E0C83A0B2B1660B1EF1C1:4071:##400940535LLOm467CgzXLKaO29afZ', '2020-02-05 08:27:06', '2020-02-05 08:27:06'),
(28, 'ORDER-20038PH9E04024848', NULL, 'true', 'Şişli', 'EnBiosis', 'Auth', '7.50', 'tr', '400940535', '5570 23** **** 5795', '2295', '2', '510138', 'a1', '20', 'MASTERCARD', 'ENDIET19', '557023***5795', '000055', 'Harbiye, Atiye Sokak. Kat: 2 No:8, Şişli/Istanbul', '2', '3.124.196.24', NULL, 'http://www.enbiosis.com/checkout-result', '557023:546FE4BCD58A59A0B65AC8D2D541A26641D55516FF012E2DFD9CAE1C1FFDC016:4276:##400940535', '00', '2', NULL, NULL, '20038PH9E04024850', '20200207 15:07:59', 'a2', 'Istanbul', '05', '3d_pay', NULL, 'Approved', 'tr', '120', 'Authenticated', NULL, '2295.0', 'false', 'jAAABwYIBgQHCQgCAQgGyou/x5c=', 'a5', 'digest', '003815518023', 'true', '154361', 'http://www.enbiosis.com/checkout-result', '3', 'postakod34367', '6.25', 'faturaFirma', 'wI04K8g8G8KwXVnxy7CD3bhVetA=', 'ISO-8859-9', NULL, '1', '2', '02', '4.0', 'XXX', 'SE* AY*', 'is', '3', 'a4 desc', 'T. GARANTI BANKASI A.S.', '400940535', NULL, 'UTF-8', 'cVXuUBlHHGh6MMhVP53i5NnGgMc=', 'o4pZaxdlCSNVmby5UlrJ', 'clientid:oid:AuthCode:ProcReturnCode:Response:mdStatus:cavv:eci:md:rnd:', '40094053515436100Approved1jAAABwYIBgQHCQgCAQgGyou/x5c=02557023:546FE4BCD58A59A0B65AC8D2D541A26641D55516FF012E2DFD9CAE1C1FFDC016:4276:##400940535o4pZaxdlCSNVmby5UlrJ', '2020-02-07 09:08:12', '2020-02-07 09:08:12'),
(29, 'ORDER-20039O9eE04029534', NULL, NULL, 'Şişli', 'EnBiosis', 'Auth', '7.50', 'tr', NULL, '5406 68** **** 3146', '2925', NULL, NULL, 'a1', '23', 'MASTERCARD', 'ENDIET19', '540668***3146', '000057', 'Harbiye, Atiye Sokak. Kat: 2 No:8, Şişli/Istanbul', '2', '3.124.196.24', NULL, 'http://enbiosis.com/checkout-result', '540668:7A0E2D54EFB5A2E666F238734FB96099EDD3CBFA9C7A12749117A24976DE4507:4237:##400940535', '00', NULL, NULL, NULL, '20039O9eE04029536', '20200208 14:59:30', 'a2', 'Istanbul', '04', '3d_pay', NULL, 'Approved', 'tr', '121', 'Success', NULL, '2925.0', NULL, 'ABIBB2UAAPy0ACklAAAAAAAAAAA=', 'a5', NULL, '003914580603', 'true', '844132', 'http://enbiosis.com/checkout-result', NULL, 'postakod34367', '6.25', 'faturaFirma', '4e+gAo6J/lPm0K4HL23wwSVFvzY=', 'ISO-8859-9', NULL, '1', NULL, '02', NULL, 'XXX', 'AS* İR* MU*', 'is', '3', 'a4 desc', 'T. IS BANKASI A.S.', NULL, NULL, NULL, 'brSrwz7qYU+QfSbASBV2ksFfbhU=', 'sdm5tlRomXTn1doCLzLw', 'clientid:oid:AuthCode:ProcReturnCode:Response:mdStatus:cavv:eci:md:rnd:', '40094053584413200Approved1ABIBB2UAAPy0ACklAAAAAAAAAAA=02540668:7A0E2D54EFB5A2E666F238734FB96099EDD3CBFA9C7A12749117A24976DE4507:4237:##400940535sdm5tlRomXTn1doCLzLw', '2020-02-08 08:59:34', '2020-02-08 08:59:34'),
(30, 'ORDER-20041KVPB04023505', NULL, NULL, 'Şişli', 'EnBiosis', 'Auth', '7.50', 'tr', NULL, '4183 44** **** 9455', '1299', NULL, NULL, 'a1', '24', 'VISA', 'ENDIET19', '418344***9455', '000058', 'Harbiye, Atiye Sokak. Kat: 2 No:8, Şişli/Istanbul', '2', '3.124.196.24', NULL, 'http://enbiosis.com/checkout-result', '418344:A6B01542140B357CB28AADC112957AA2EEE99E1BCBC1C5AEFF2AABDCCFFD8054:4553:##400940535', '00', NULL, NULL, NULL, '20041KVPC04023507', '20200210 10:21:15', 'a2', 'Istanbul', '08', '3d_pay', NULL, 'Approved', 'tr', '123', 'Success', NULL, '1299.0', NULL, 'ABIBCBgAAL34ABKZAAAAAAAAAAA=', 'a5', NULL, '004110684190', 'true', '386882', 'http://enbiosis.com/checkout-result', NULL, 'postakod34367', '6.25', 'faturaFirma', 'eUHR2RnTz9pCqo7OjEf2GyTgAfw=', 'ISO-8859-9', NULL, '1', NULL, '02', NULL, 'XXX', 'SE* TÜ*', 'is', '3', 'a4 desc', 'T. IS BANKASI A.S.', NULL, NULL, NULL, 'CGn2f1Mo7Z4VZ+XWCM/JymRWnos=', '2K8HhxSsBTbWFl6xZNQp', 'clientid:oid:AuthCode:ProcReturnCode:Response:mdStatus:cavv:eci:md:rnd:', '40094053538688200Approved1ABIBCBgAAL34ABKZAAAAAAAAAAA=02418344:A6B01542140B357CB28AADC112957AA2EEE99E1BCBC1C5AEFF2AABDCCFFD8054:4553:##4009405352K8HhxSsBTbWFl6xZNQp', '2020-02-10 04:21:19', '2020-02-10 04:21:19'),
(31, 'ORDER-20043LpvG04010364', NULL, 'true', 'Şişli', 'EnBiosis', 'Auth', '7.50', 'tr', '400940535', '5218 24** **** 2018', '1299', '2', '510138', 'a1', '21', 'MASTERCARD', 'ENDIET19', '521824***2018', '000059', 'Harbiye, Atiye Sokak. Kat: 2 No:8, Şişli/Istanbul', '2', '3.124.196.24', NULL, 'http://enbiosis.com/checkout-result', '521824:6A5692E7984A492CB0475A375DCBD7049CEDB2889B0AC45C3A4A299EC23A6AF5:3913:##400940535', '00', '2', NULL, NULL, '20043LpvG04010366', '20200212 11:41:47', 'a2', 'Istanbul', '08', '3d_pay', NULL, 'Approved', 'tr', '125', 'Authenticated', NULL, '1299.0', 'false', 'jAAECQYECAgHAAkBAAkHrULNBG4=', 'a5', 'digest', '004311844866', 'true', '395990', 'http://enbiosis.com/checkout-result', '3', 'postakod34367', '6.25', 'faturaFirma', 'rZHLBdgSd7z/oaU5KU1r/NsCyP8=', 'ISO-8859-9', NULL, '1', '2', '02', '4.0', 'XXX', 'ME* ÖZ*', 'is', '3', 'a4 desc', 'T. GARANTI BANKASI A.S.', '400940535', NULL, 'UTF-8', 'YR1NufL20I9/9NcXLahr115opNE=', 'Ff83w+QJR+JX3CRvUcWk', 'clientid:oid:AuthCode:ProcReturnCode:Response:mdStatus:cavv:eci:md:rnd:', '40094053539599000Approved1jAAECQYECAgHAAkBAAkHrULNBG4=02521824:6A5692E7984A492CB0475A375DCBD7049CEDB2889B0AC45C3A4A299EC23A6AF5:3913:##400940535Ff83w+QJR+JX3CRvUcWk', '2020-02-12 05:41:48', '2020-02-12 05:41:48'),
(32, 'ORDER-20043V4BC04029506', NULL, NULL, 'Şişli', 'EnBiosis', 'Auth', '7.50', 'tr', NULL, '5406 68** **** 6940', '1836', NULL, NULL, 'a1', '24', 'MASTERCARD', 'ENDIET19', '540668***6940', '000060', 'Harbiye, Atiye Sokak. Kat: 2 No:8, Şişli/Istanbul', '2', '3.124.196.24', NULL, 'http://enbiosis.com/checkout-result', '540668:2530D2BF63FF523D6ED5FBDCD73CCCC7B568DD4A137D7F12A124626A3F66757C:4131:##400940535', '00', NULL, NULL, NULL, '20043V4BD04029508', '20200212 21:54:01', 'a2', 'Istanbul', '01', '3d_pay', NULL, 'Approved', 'tr', '125', 'Success', NULL, '1836.0', NULL, 'ABIBBnYAALgoABg2AAAAAAAAAAA=', 'a5', NULL, '004321886097', 'true', '313267', 'http://enbiosis.com/checkout-result', NULL, 'postakod34367', '6.25', 'faturaFirma', 'wgrgBgvG8cqYZi258oVJaI9y29g=', 'ISO-8859-9', NULL, '1', NULL, '02', NULL, 'XXX', 'ME* DE*', 'is', '3', 'a4 desc', 'T. IS BANKASI A.S.', NULL, NULL, NULL, 'DVs7amF/uKaiBgay5JdiFZXsxdo=', 'LYV23qryAb+UhmEgQSms', 'clientid:oid:AuthCode:ProcReturnCode:Response:mdStatus:cavv:eci:md:rnd:', '40094053531326700Approved1ABIBBnYAALgoABg2AAAAAAAAAAA=02540668:2530D2BF63FF523D6ED5FBDCD73CCCC7B568DD4A137D7F12A124626A3F66757C:4131:##400940535LYV23qryAb+UhmEgQSms', '2020-02-12 15:54:09', '2020-02-12 15:54:09'),
(33, 'ORDER-20045N7CJ04024373', NULL, 'true', 'Şişli', 'EnBiosis', 'Auth', '7.50', 'tr', '400940535', '5349 81** **** 9955', '623.52', '2', '510138', 'a1', '22', 'MASTERCARD', 'ENDIET19', '534981***9955', '000061', 'Harbiye, Atiye Sokak. Kat: 2 No:8, Şişli/Istanbul', '2', '3.124.196.24', NULL, 'http://www.enbiosis.com/checkout-result', '534981:E279152C371D2F51F1362AFF9ED18FF005333D8C8F4CD5B4D5E74807EF5DF580:4063:##400940535', '00', '2', NULL, NULL, '20045N7CJ04024375', '20200214 13:57:02', 'a2', 'Istanbul', '03', '3d_pay', NULL, 'Approved', 'tr', '127', 'Authenticated', NULL, '623.52', 'false', 'jOfWN9WLoNcoCRED2nJyADcAAAA=', 'a5', 'digest', '004513003540', 'true', '867877', 'http://www.enbiosis.com/checkout-result', '3', 'postakod34367', '6.25', 'faturaFirma', 'Tazewk5GMnE/Pbn29QLD3WPrOS8=', 'ISO-8859-9', NULL, '1', '2', '02', '4.0', 'XXX', 'EM* ÖC*', 'is', '3', 'a4 desc', 'ZİRAAT BANKASI', '400940535', NULL, 'UTF-8', 'xa4ye8YQvvfdtWPINqaD0iOVXcU=', 'XcUfKQ6afvgKCYBITkGF', 'clientid:oid:AuthCode:ProcReturnCode:Response:mdStatus:cavv:eci:md:rnd:', '40094053586787700Approved1jOfWN9WLoNcoCRED2nJyADcAAAA=02534981:E279152C371D2F51F1362AFF9ED18FF005333D8C8F4CD5B4D5E74807EF5DF580:4063:##400940535XcUfKQ6afvgKCYBITkGF', '2020-02-14 07:57:03', '2020-02-14 07:57:03'),
(34, 'ORDER-20049KUqD04017335', NULL, 'true', 'Şişli', 'EnBiosis', 'Auth', '7.50', 'tr', '400940535', '4912 06** **** 5442', '2925', '1', '440293', 'a1', '23', 'VISA', 'ENDIET19', '491206***5442', '000063', 'Harbiye, Atiye Sokak. Kat: 2 No:8, Şişli/Istanbul', '2', '3.124.196.24', NULL, 'http://www.enbiosis.com/checkout-result', '491206:8284E42592EA7429DD450D0A8ABEE699E3E1ABE0D4126E0E090A005996E56CBC:4072:##400940535', '00', '1', NULL, NULL, '20049KUqD04017337', '20200218 10:20:42', 'a2', 'Istanbul', '08', '3d_pay', NULL, 'Approved', 'tr', '131', 'Authenticated', NULL, '2925.0', 'false', 'AAABBWcRcgAAAXKXdhFyAAAAAAA=', 'a5', 'digest', '004910228822', 'true', '323103', 'http://www.enbiosis.com/checkout-result', '2', 'postakod34367', '6.25', 'faturaFirma', 'gX/WA5Yh9vZsdaV1QvkywJFZoRQ=', 'ISO-8859-9', NULL, '1', '1', '05', '4.0', 'XXX', 'ME* SE* BA*', 'is', '3', 'a4 desc', 'YAPI VE KREDI BANKASI A.S.', '400940535', NULL, 'UTF-8', 'd+RaFchZHhOYtG4H/UGwIMB7AD8=', 'Wf5rr589OIfpQvLYkjtG', 'clientid:oid:AuthCode:ProcReturnCode:Response:mdStatus:cavv:eci:md:rnd:', '40094053532310300Approved1AAABBWcRcgAAAXKXdhFyAAAAAAA=05491206:8284E42592EA7429DD450D0A8ABEE699E3E1ABE0D4126E0E090A005996E56CBC:4072:##400940535Wf5rr589OIfpQvLYkjtG', '2020-02-18 04:20:49', '2020-02-18 04:20:49'),
(35, 'ORDER-20055NKqC04014752', NULL, 'true', 'Şişli', 'EnBiosis', 'Auth', '7.50', 'tr', '400940535', '5570 23** **** 8351', '1.30', '2', '510138', 'a1', '21', 'MASTERCARD', 'ENDIET19', '557023***8351', '000066', 'Harbiye, Atiye Sokak. Kat: 2 No:8, Şişli/Istanbul', '2', '3.124.196.24', NULL, 'http://enbiosis.com/checkout-result', '557023:516ADEC63150BC7EEC68362FBBAE9BB1F327D32075C8BC1ED08287C36E472751:4213:##400940535', '00', '2', NULL, NULL, '20055NKqC04014754', '20200224 13:10:42', 'a2', 'Istanbul', '12', '3d_pay', NULL, 'Approved', 'tr', '137', 'Authenticated', NULL, '1.3', 'false', 'jAEFAwgGAgEHCAQIAAIEjPTHmH0=', 'a5', 'digest', '005513576970', 'true', '741052', 'http://enbiosis.com/checkout-result', '3', 'postakod34367', '6.25', 'faturaFirma', '8syq/frfqQHOl2s4f2y+x0Bnw/w=', 'ISO-8859-9', NULL, '1', '2', '02', '4.0', 'XXX', 'EK* ŞA*', 'is', '3', 'a4 desc', 'T. GARANTI BANKASI A.S.', '400940535', NULL, 'UTF-8', 'fHlRriPCzD87lmURIuHl3Fy5Gnc=', 'm2ru2F9j4K9eheMLAKfX', 'clientid:oid:AuthCode:ProcReturnCode:Response:mdStatus:cavv:eci:md:rnd:', '40094053574105200Approved1jAEFAwgGAgEHCAQIAAIEjPTHmH0=02557023:516ADEC63150BC7EEC68362FBBAE9BB1F327D32075C8BC1ED08287C36E472751:4213:##400940535m2ru2F9j4K9eheMLAKfX', '2020-02-24 10:10:43', '2020-02-24 10:10:43'),
(36, 'ORDER-20055PTkA04013619', NULL, 'true', 'Şişli', 'EnBiosis', 'Auth', '7.50', 'tr', '400940535', '4748 53** **** 5120', '0.13', '1', '440293', 'a1', '24', 'VISA', 'ENDIET19', '474853***5120', '000067', 'Harbiye, Atiye Sokak. Kat: 2 No:8, Şişli/Istanbul', '2', '3.124.196.24', NULL, 'https://www.enbiosis.com/checkout-result', '474853:A387CCD7E093ED8FA537AECC25247CD38EC9833A8240BB5068A98F6BEC005C6E:4428:##400940535', '00', '1', NULL, NULL, '20055PTkA04013621', '20200224 15:19:35', 'a2', 'Istanbul', '09', '3d_pay', NULL, 'Approved', 'tr', '137', 'Authenticated', NULL, '0.13', 'false', 'AAABCVBJhQAAAXNQIUmFAAAAAAA=', 'a5', 'digest', '005515585390', 'true', '798912', 'https://www.enbiosis.com/checkout-result', '2', 'postakod34367', '6.25', 'faturaFirma', 'Yp7LxWv193TeklUAQkO/VCuXutY=', 'ISO-8859-9', NULL, '1', '1', '05', '4.0', 'XXX', 'BE* AY* KA*', 'is', '3', 'a4 desc', 'AKBANK T.A.S.', '400940535', NULL, 'UTF-8', '6IozD25XZTeWFB62lA1PopmQNPw=', 'BWfy0qzThpSHZy6L7Fd2', 'clientid:oid:AuthCode:ProcReturnCode:Response:mdStatus:cavv:eci:md:rnd:', '40094053579891200Approved1AAABCVBJhQAAAXNQIUmFAAAAAAA=05474853:A387CCD7E093ED8FA537AECC25247CD38EC9833A8240BB5068A98F6BEC005C6E:4428:##400940535BWfy0qzThpSHZy6L7Fd2', '2020-02-24 12:19:38', '2020-02-24 12:19:38'),
(37, 'ORDER-20056Km3J04027044', NULL, NULL, 'Şişli', 'EnBiosis', 'Auth', '7.50', 'tr', NULL, '5345 38** **** 6405', '0.13', NULL, NULL, 'a1', '23', 'MASTERCARD', 'ENDIET19', '534538***6405', '000069', 'Harbiye, Atiye Sokak. Kat: 2 No:8, Şişli/Istanbul', '2', '3.124.196.24', NULL, 'https://www.enbiosis.com/checkout-result', '534538:3F7BEFA1B6EA3960DE63FECC31F02382A508C6A08C2B084A65C5DE86CADF419C:4484:##400940535', '00', NULL, NULL, NULL, '20056Km4A04027046', '20200225 10:38:53', 'a2', 'Istanbul', '11', '3d_pay', NULL, 'Approved', 'tr', '138', 'Success', NULL, '0.13', NULL, 'ABIBB5QAAAruAAAAEwAAAAAAAAA=', 'a5', NULL, '005610632853', 'true', '210771', 'https://www.enbiosis.com/checkout-result', NULL, 'postakod34367', '6.25', 'faturaFirma', 'T0XmWnOnTGp3fvB87wtZx4wmKZU=', 'ISO-8859-9', NULL, '1', NULL, '02', NULL, 'XXX', 'ER* KE*', 'is', '3', 'a4 desc', 'TÜRK EKONOMI BANKASI A.S.', NULL, NULL, NULL, 'vJQSuE7pV+mapjZ6DO4Jyhp1SRg=', 'ME1OselXLWxuJufewQ2h', 'clientid:oid:AuthCode:ProcReturnCode:Response:mdStatus:cavv:eci:md:rnd:', '40094053521077100Approved1ABIBB5QAAAruAAAAEwAAAAAAAAA=02534538:3F7BEFA1B6EA3960DE63FECC31F02382A508C6A08C2B084A65C5DE86CADF419C:4484:##400940535ME1OselXLWxuJufewQ2h', '2020-02-25 07:38:55', '2020-02-25 07:38:55'),
(38, 'ORDER-20056K4iF04029689', NULL, 'true', 'Şişli', 'EnBiosis', 'Auth', '7.50', 'tr', '400940535', '4320 72** **** 1768', '623.52', '1', '440293', 'a1', '21', 'VISA', 'ENDIET19', '432072***1768', '000070', 'Harbiye, Atiye Sokak. Kat: 2 No:8, Şişli/Istanbul', '2', '3.124.196.24', NULL, 'https://www.enbiosis.com/checkout-result', '432072:145A66E5E47057585EA3BE1E8F2BA1B2E810D76C195C2B8D213FAB7C621741A0:3567:##400940535', '00', '1', NULL, NULL, '20056K4iF04029691', '20200225 10:54:34', 'a2', 'Istanbul', '08', '3d_pay', NULL, 'Approved', 'tr', '138', 'Authenticated', NULL, '623.52', 'false', 'AAABAJdTiQAAAXNWUVOJAAAAAAA=', 'a5', 'digest', '005610633951', 'true', '061623', 'https://www.enbiosis.com/checkout-result', '2', 'postakod34367', '6.25', 'faturaFirma', 'eqGaQh82U+lVCMNTHF6GsmaHjsw=', 'ISO-8859-9', NULL, '1', '1', '05', '4.0', 'XXX', 'EM* Mİ*', 'is', '3', 'a4 desc', 'AKBANK T.A.S.', '400940535', NULL, 'UTF-8', 'W+xyOFwsj405lERYD+8Q8+LEPPg=', 'KevMycSLmw8Edxs24OSi', 'clientid:oid:AuthCode:ProcReturnCode:Response:mdStatus:cavv:eci:md:rnd:', '40094053506162300Approved1AAABAJdTiQAAAXNWUVOJAAAAAAA=05432072:145A66E5E47057585EA3BE1E8F2BA1B2E810D76C195C2B8D213FAB7C621741A0:3567:##400940535KevMycSLmw8Edxs24OSi', '2020-02-25 07:54:36', '2020-02-25 07:54:36'),
(39, 'ORDER-20058O75J04018160', NULL, 'true', 'Şişli', 'EnBiosis', 'Auth', '7.50', 'en', '400940535', '5355 76** **** 8256', '0.13', '2', '510138', 'a1', '23', 'MASTERCARD', 'ENDIET19', '535576***8256', '000077', 'Harbiye, Atiye Sokak. Kat: 2 No:8, Şişli/Istanbul', '2', '3.124.196.24', NULL, 'https://www.enbiosis.com/checkout-result', '535576:8AA8B1E391A1BA4191CFFEFAD1A6BD35007207DB5EF8DD6CA6CE6AA5E67DAC71:5034:##400940535', '00', '2', NULL, NULL, '20058O76A04018162', '20200227 14:57:55', 'a2', 'Istanbul', '08', '3d_pay', NULL, 'Approved', 'tr', '140', 'Authenticated', NULL, '0.13', 'false', 'jOfWN9WLoNcoCREElYcNBzcAAAA=', 'a5', 'digest', '005814765060', 'true', '259899', 'https://www.enbiosis.com/checkout-result', '3', 'postakod34367', '6.25', 'faturaFirma', 'WwHPMezLZP5hVkYFjWBrvHb5/c4=', 'UTF-8', NULL, '1', '2', '02', '4.0', 'XXX', 'LA* AT*', 'is', '3', 'a4 desc', 'T. VAKIFLAR BANKASI T.A.O.', '400940535', NULL, 'UTF-8', '6iGhiQmLiKa5N4Q2IXj39InAc8k=', 'wYFhaUPS4kfSlNEVCa2T', 'clientid:oid:AuthCode:ProcReturnCode:Response:mdStatus:cavv:eci:md:rnd:', '40094053525989900Approved1jOfWN9WLoNcoCREElYcNBzcAAAA=02535576:8AA8B1E391A1BA4191CFFEFAD1A6BD35007207DB5EF8DD6CA6CE6AA5E67DAC71:5034:##400940535wYFhaUPS4kfSlNEVCa2T', '2020-02-27 11:57:58', '2020-02-27 11:57:58'),
(40, 'ORDER-20058PISE04021649', NULL, 'true', 'Şişli', 'EnBiosis', 'Auth', '7.50', 'tr', '400940535', '5570 23** **** 8351', '0.13', '2', '510138', 'a1', '21', 'MASTERCARD', 'ENDIET19', '557023***8351', '000078', 'Harbiye, Atiye Sokak. Kat: 2 No:8, Şişli/Istanbul', '2', '3.124.196.24', NULL, 'https://www.enbiosis.com/checkout-result', '557023:ACDE00166280DF9F5A5C1DCFF2A7A4425AEB4F93A285323A67ED9E80B22102B4:4054:##400940535', '00', '2', NULL, NULL, '20058PISE04021651', '20200227 15:08:18', 'a2', 'Istanbul', '12', '3d_pay', NULL, 'Approved', 'tr', '140', 'Authenticated', NULL, '0.13', 'false', 'jAEIAAQICAAHBQgBAAUDlv+0OeU=', 'a5', 'digest', '005815765603', 'true', '288922', 'https://www.enbiosis.com/checkout-result', '3', 'postakod34367', '6.25', 'faturaFirma', 'Q8sa7jhEeXzgKJjZZuq7etgHd8g=', 'UTF-8', NULL, '1', '2', '02', '4.0', 'XXX', 'EK* ŞA*', 'is', '3', 'a4 desc', 'T. GARANTI BANKASI A.S.', '400940535', NULL, 'UTF-8', '08QbAtP8n5pgZ63qh1xLm7thW6M=', 'yaVziCBCWq/yQpcVy9db', 'clientid:oid:AuthCode:ProcReturnCode:Response:mdStatus:cavv:eci:md:rnd:', '40094053528892200Approved1jAEIAAQICAAHBQgBAAUDlv+0OeU=02557023:ACDE00166280DF9F5A5C1DCFF2A7A4425AEB4F93A285323A67ED9E80B22102B4:4054:##400940535yaVziCBCWq/yQpcVy9db', '2020-02-27 12:08:19', '2020-02-27 12:08:19'),
(41, 'ORDER-20058PISE04021649', NULL, 'true', 'Şişli', 'EnBiosis', 'Auth', '7.50', 'tr', '400940535', '5570 23** **** 8351', '0.13', '2', '510138', 'a1', '21', 'MASTERCARD', 'ENDIET19', '557023***8351', '000078', 'Harbiye, Atiye Sokak. Kat: 2 No:8, Şişli/Istanbul', '2', '3.124.196.24', NULL, 'https://www.enbiosis.com/checkout-result', '557023:ACDE00166280DF9F5A5C1DCFF2A7A4425AEB4F93A285323A67ED9E80B22102B4:4054:##400940535', '00', '2', NULL, NULL, '20058PISE04021651', '20200227 15:08:18', 'a2', 'Istanbul', '12', '3d_pay', NULL, 'Approved', 'tr', '140', 'Authenticated', NULL, '0.13', 'false', 'jAEIAAQICAAHBQgBAAUDlv+0OeU=', 'a5', 'digest', '005815765603', 'true', '288922', 'https://www.enbiosis.com/checkout-result', '3', 'postakod34367', '6.25', 'faturaFirma', 'Q8sa7jhEeXzgKJjZZuq7etgHd8g=', 'UTF-8', NULL, '1', '2', '02', '4.0', 'XXX', 'EK* ŞA*', 'is', '3', 'a4 desc', 'T. GARANTI BANKASI A.S.', '400940535', NULL, 'UTF-8', '08QbAtP8n5pgZ63qh1xLm7thW6M=', 'yaVziCBCWq/yQpcVy9db', 'clientid:oid:AuthCode:ProcReturnCode:Response:mdStatus:cavv:eci:md:rnd:', '40094053528892200Approved1jAEIAAQICAAHBQgBAAUDlv+0OeU=02557023:ACDE00166280DF9F5A5C1DCFF2A7A4425AEB4F93A285323A67ED9E80B22102B4:4054:##400940535yaVziCBCWq/yQpcVy9db', '2020-02-27 12:10:26', '2020-02-27 12:10:26'),
(42, 'ORDER-20058PMVA04022055', NULL, 'true', 'Şişli', 'EnBiosis', 'Auth', '7.50', 'tr', '400940535', '5570 23** **** 8351', '0.13', '2', '510138', 'a1', '21', 'MASTERCARD', 'ENDIET19', '557023***8351', '000079', 'Harbiye, Atiye Sokak. Kat: 2 No:8, Şişli/Istanbul', '2', '3.124.196.24', NULL, 'https://www.enbiosis.com/checkout-result', '557023:EE661D06339E9E4C789DA1346D2A96B55957C1F8C58718635FB7849EEB5ECA7F:4088:##400940535', '00', '2', NULL, NULL, '20058PMVA04022057', '20200227 15:12:20', 'a2', 'Istanbul', '12', '3d_pay', NULL, 'Approved', 'tr', '140', 'Authenticated', NULL, '0.13', 'false', 'jAEIAAUBAgYDBQkGBAAHkC+PxVA=', 'a5', 'digest', '005815765809', 'true', '833899', 'https://www.enbiosis.com/checkout-result', '3', 'postakod34367', '6.25', 'faturaFirma', 'RNeMDh115ghr1dIVWSIO6L6QcEY=', 'UTF-8', NULL, '1', '2', '02', '4.0', 'XXX', 'EK* ŞA*', 'is', '3', 'a4 desc', 'T. GARANTI BANKASI A.S.', '400940535', NULL, 'UTF-8', 'qPeoPnhvP06wdwz4bFshaePYTIc=', 'FOnlWDcUAMS/nQCrG65S', 'clientid:oid:AuthCode:ProcReturnCode:Response:mdStatus:cavv:eci:md:rnd:', '40094053583389900Approved1jAEIAAUBAgYDBQkGBAAHkC+PxVA=02557023:EE661D06339E9E4C789DA1346D2A96B55957C1F8C58718635FB7849EEB5ECA7F:4088:##400940535FOnlWDcUAMS/nQCrG65S', '2020-02-27 12:12:22', '2020-02-27 12:12:22'),
(43, 'ORDER-20058PMqI04019921', NULL, 'true', 'Şişli', 'EnBiosis', 'Auth', '7.50', 'en', '400940535', '5355 76** **** 8256', '0.13', '2', '510138', 'a1', '23', 'MASTERCARD', 'ENDIET19', '535576***8256', '000080', 'Harbiye, Atiye Sokak. Kat: 2 No:8, Şişli/Istanbul', '2', '3.124.196.24', NULL, 'https://www.enbiosis.com/checkout-result', '535576:D4C76A9EB91D12C90B61631788C0886EB4488B1E9EE88FF68BEBE20C6247104D:3986:##400940535', '00', '2', NULL, NULL, '20058PMqI04019923', '20200227 15:12:42', 'a2', 'Istanbul', '08', '3d_pay', NULL, 'Approved', 'tr', '140', 'Authenticated', NULL, '0.13', 'false', 'jOfWN9WLoNcoCREEmB6ICVYAAAA=', 'a5', 'digest', '005815765827', 'true', '270727', 'https://www.enbiosis.com/checkout-result', '3', 'postakod34367', '6.25', 'faturaFirma', 'RwYAY7bB4I5CQpU5syi6i4pQPVg=', 'UTF-8', NULL, '1', '2', '02', '4.0', 'XXX', 'LA* AT*', 'is', '3', 'a4 desc', 'T. VAKIFLAR BANKASI T.A.O.', '400940535', NULL, 'UTF-8', 'wZ70cnzkrynysW1A64VrgawCvTE=', '/7hbjZ6XaYf3gpEzhySs', 'clientid:oid:AuthCode:ProcReturnCode:Response:mdStatus:cavv:eci:md:rnd:', '40094053527072700Approved1jOfWN9WLoNcoCREEmB6ICVYAAAA=02535576:D4C76A9EB91D12C90B61631788C0886EB4488B1E9EE88FF68BEBE20C6247104D:3986:##400940535/7hbjZ6XaYf3gpEzhySs', '2020-02-27 12:12:43', '2020-02-27 12:12:43'),
(44, 'ORDER-20058PMqI04019921', NULL, 'true', 'Şişli', 'EnBiosis', 'Auth', '7.50', 'en', '400940535', '5355 76** **** 8256', '0.13', '2', '510138', 'a1', '23', 'MASTERCARD', 'ENDIET19', '535576***8256', '000080', 'Harbiye, Atiye Sokak. Kat: 2 No:8, Şişli/Istanbul', '2', '3.124.196.24', NULL, 'https://www.enbiosis.com/checkout-result', '535576:D4C76A9EB91D12C90B61631788C0886EB4488B1E9EE88FF68BEBE20C6247104D:3986:##400940535', '00', '2', NULL, NULL, '20058PMqI04019923', '20200227 15:12:42', 'a2', 'Istanbul', '08', '3d_pay', NULL, 'Approved', 'tr', '140', 'Authenticated', NULL, '0.13', 'false', 'jOfWN9WLoNcoCREEmB6ICVYAAAA=', 'a5', 'digest', '005815765827', 'true', '270727', 'https://www.enbiosis.com/checkout-result', '3', 'postakod34367', '6.25', 'faturaFirma', 'RwYAY7bB4I5CQpU5syi6i4pQPVg=', 'UTF-8', NULL, '1', '2', '02', '4.0', 'XXX', 'LA* AT*', 'is', '3', 'a4 desc', 'T. VAKIFLAR BANKASI T.A.O.', '400940535', NULL, 'UTF-8', 'wZ70cnzkrynysW1A64VrgawCvTE=', '/7hbjZ6XaYf3gpEzhySs', 'clientid:oid:AuthCode:ProcReturnCode:Response:mdStatus:cavv:eci:md:rnd:', '40094053527072700Approved1jOfWN9WLoNcoCREEmB6ICVYAAAA=02535576:D4C76A9EB91D12C90B61631788C0886EB4488B1E9EE88FF68BEBE20C6247104D:3986:##400940535/7hbjZ6XaYf3gpEzhySs', '2020-02-27 12:13:56', '2020-02-27 12:13:56'),
(45, 'ORDER-20058PQKF04010355', NULL, 'true', 'Şişli', 'EnBiosis', 'Auth', '7.50', 'en', '400940535', '5355 76** **** 8256', '0.13', '2', '510138', 'a1', '23', 'MASTERCARD', 'ENDIET19', '535576***8256', '000081', 'Harbiye, Atiye Sokak. Kat: 2 No:8, Şişli/Istanbul', '2', '3.124.196.24', NULL, 'https://www.enbiosis.com/checkout-result', '535576:A4925ADA57F2F7DFC0E1CCDF156DA733B334497D96753DE48723004FE83E131A:4182:##400940535', '00', '2', NULL, NULL, '20058PQKF04010357', '20200227 15:16:10', 'a2', 'Istanbul', '08', '3d_pay', NULL, 'Approved', 'tr', '140', 'Authenticated', NULL, '0.13', 'false', 'jOfWN9WLoNcoCREEmYtWBEcAAAA=', 'a5', 'digest', '005815766034', 'true', '273234', 'https://www.enbiosis.com/checkout-result', '3', 'postakod34367', '6.25', 'faturaFirma', 'IqsjRBJiLcWC+QypswXeyW+cdP4=', 'UTF-8', NULL, '1', '2', '02', '4.0', 'XXX', 'LA* AT*', 'is', '3', 'a4 desc', 'T. VAKIFLAR BANKASI T.A.O.', '400940535', NULL, 'UTF-8', 'l2CuwFg+f8NImaxoAi5msiZu1E4=', 'ojP1xU5ENxah+g4J8Ka6', 'clientid:oid:AuthCode:ProcReturnCode:Response:mdStatus:cavv:eci:md:rnd:', '40094053527323400Approved1jOfWN9WLoNcoCREEmYtWBEcAAAA=02535576:A4925ADA57F2F7DFC0E1CCDF156DA733B334497D96753DE48723004FE83E131A:4182:##400940535ojP1xU5ENxah+g4J8Ka6', '2020-02-27 12:16:12', '2020-02-27 12:16:12'),
(46, 'ORDER-20058PMVA04022055', NULL, 'true', 'Şişli', 'EnBiosis', 'Auth', '7.50', 'tr', '400940535', '5570 23** **** 8351', '0.13', '2', '510138', 'a1', '21', 'MASTERCARD', 'ENDIET19', '557023***8351', '000079', 'Harbiye, Atiye Sokak. Kat: 2 No:8, Şişli/Istanbul', '2', '3.124.196.24', NULL, 'https://www.enbiosis.com/checkout-result', '557023:EE661D06339E9E4C789DA1346D2A96B55957C1F8C58718635FB7849EEB5ECA7F:4088:##400940535', '00', '2', NULL, NULL, '20058PMVA04022057', '20200227 15:12:20', 'a2', 'Istanbul', '12', '3d_pay', NULL, 'Approved', 'tr', '140', 'Authenticated', NULL, '0.13', 'false', 'jAEIAAUBAgYDBQkGBAAHkC+PxVA=', 'a5', 'digest', '005815765809', 'true', '833899', 'https://www.enbiosis.com/checkout-result', '3', 'postakod34367', '6.25', 'faturaFirma', 'RNeMDh115ghr1dIVWSIO6L6QcEY=', 'UTF-8', NULL, '1', '2', '02', '4.0', 'XXX', 'EK* ŞA*', 'is', '3', 'a4 desc', 'T. GARANTI BANKASI A.S.', '400940535', NULL, 'UTF-8', 'qPeoPnhvP06wdwz4bFshaePYTIc=', 'FOnlWDcUAMS/nQCrG65S', 'clientid:oid:AuthCode:ProcReturnCode:Response:mdStatus:cavv:eci:md:rnd:', '40094053583389900Approved1jAEIAAUBAgYDBQkGBAAHkC+PxVA=02557023:EE661D06339E9E4C789DA1346D2A96B55957C1F8C58718635FB7849EEB5ECA7F:4088:##400940535FOnlWDcUAMS/nQCrG65S', '2020-02-27 12:21:28', '2020-02-27 12:21:28'),
(47, 'ORDER-20058PYCF04011108', NULL, 'true', 'Şişli', 'EnBiosis', 'Auth', '7.50', 'en', '400940535', '5355 76** **** 8256', '0.13', '2', '510138', 'a1', '23', 'MASTERCARD', 'ENDIET19', '535576***8256', '000082', 'Harbiye, Atiye Sokak. Kat: 2 No:8, Şişli/Istanbul', '2', '3.124.196.24', NULL, 'https://www.enbiosis.com/checkout-result', '535576:2C2A441CB107D36821BCC8F4AB9347368150522C4BFD66100D8F039A759906CE:3365:##400940535', '00', '2', NULL, NULL, '20058PYCF04011110', '20200227 15:24:02', 'a2', 'Istanbul', '08', '3d_pay', NULL, 'Approved', 'tr', '140', 'Authenticated', NULL, '0.13', 'false', 'jOfWN9WLoNcoCREEmqIxAUQAAAA=', 'a5', 'digest', '005815766461', 'true', '279096', 'https://www.enbiosis.com/checkout-result', '3', 'postakod34367', '6.25', 'faturaFirma', 'RAWs6C7Q8PBoPxAlErahb44SnoQ=', 'UTF-8', NULL, '1', '2', '02', '4.0', 'XXX', 'LA* AT*', 'is', '3', 'a4 desc', 'T. VAKIFLAR BANKASI T.A.O.', '400940535', NULL, 'UTF-8', 'lY5KzpQqY0QbF6kSrtpudy613qg=', 'IzQ/kZRDbkLxox06Qfu1', 'clientid:oid:AuthCode:ProcReturnCode:Response:mdStatus:cavv:eci:md:rnd:', '40094053527909600Approved1jOfWN9WLoNcoCREEmqIxAUQAAAA=02535576:2C2A441CB107D36821BCC8F4AB9347368150522C4BFD66100D8F039A759906CE:3365:##400940535IzQ/kZRDbkLxox06Qfu1', '2020-02-27 12:24:03', '2020-02-27 12:24:03'),
(48, 'ORDER-20058Qc3J04019937', NULL, 'true', 'Şişli', 'EnBiosis', 'Auth', '7.50', 'tr', '400940535', '5570 23** **** 8351', '0.13', '2', '510138', 'a1', '21', 'MASTERCARD', 'ENDIET19', '557023***8351', '000083', 'Harbiye, Atiye Sokak. Kat: 2 No:8, Şişli/Istanbul', '2', '3.124.196.24', NULL, 'https://www.enbiosis.com/checkout-result', '557023:CFC9C39348206AFD00212CBC252B14AB475BF0F1DBB9D4AA3A10FDEE96600EC8:4203:##400940535', '00', '2', NULL, NULL, '20058Qc4A04019939', '20200227 16:28:53', 'a2', 'Istanbul', '12', '3d_pay', NULL, 'Approved', 'tr', '140', 'Authenticated', NULL, '0.13', 'false', 'jAEIAAkHAAkGBAAFBAAB5OpU8h0=', 'a5', 'digest', '005816770492', 'true', '787882', 'https://www.enbiosis.com/checkout-result', '3', 'postakod34367', '6.25', 'faturaFirma', 'HN5vUOMF1+1EIE8lJfZZSWewJMk=', 'UTF-8', NULL, '1', '2', '02', '4.0', 'XXX', 'EK* ŞA*', 'is', '3', 'a4 desc', 'T. GARANTI BANKASI A.S.', '400940535', NULL, 'UTF-8', 'KbmP8SUZIgRUD2xKCZDB3k6Dkuk=', '4+2EF2CW+0VaQADkmyM4', 'clientid:oid:AuthCode:ProcReturnCode:Response:mdStatus:cavv:eci:md:rnd:', '40094053578788200Approved1jAEIAAkHAAkGBAAFBAAB5OpU8h0=02557023:CFC9C39348206AFD00212CBC252B14AB475BF0F1DBB9D4AA3A10FDEE96600EC8:4203:##4009405354+2EF2CW+0VaQADkmyM4', '2020-02-27 13:28:55', '2020-02-27 13:28:55'),
(49, 'ORDER-20059NoXF04029059', NULL, NULL, 'Şişli', 'EnBiosis', 'Auth', '7.50', 'tr', NULL, '5345 38** **** 6405', '0.13', NULL, NULL, 'a1', '23', 'MASTERCARD', 'ENDIET19', '534538***6405', '000089', 'Harbiye, Atiye Sokak. Kat: 2 No:8, Şişli/Istanbul', '2', '3.124.196.24', NULL, 'https://www.enbiosis.com/checkout-result', '534538:FDAF613E3BEDFACA202B7B195A18CC2D0064DBC4E02EB2BBFEA0657954CE3AAF:4230:##400940535', '00', NULL, NULL, NULL, '20059NoXF04029061', '20200228 13:40:23', 'a2', 'Istanbul', '11', '3d_pay', NULL, 'Approved', 'tr', '141', 'Success', NULL, '0.13', NULL, 'ABIBAVMAAOR1AAAAEwAAAAAAAAA=', 'a5', NULL, '005913816307', 'true', '147173', 'https://www.enbiosis.com/checkout-result', NULL, 'postakod34367', '6.25', 'faturaFirma', 'Hww7MatUni/cSZ6ewk4FjF+C4TQ=', 'ISO-8859-9', NULL, '1', NULL, '02', NULL, 'XXX', 'ER* KE*', 'is', '3', 'a4 desc', 'TÜRK EKONOMI BANKASI A.S.', NULL, NULL, NULL, 'uWe1d6NSFGCuD+cwzP0m3o8LYO4=', '+w9a+sd3vvDZ+hG+U+VR', 'clientid:oid:AuthCode:ProcReturnCode:Response:mdStatus:cavv:eci:md:rnd:', '40094053514717300Approved1ABIBAVMAAOR1AAAAEwAAAAAAAAA=02534538:FDAF613E3BEDFACA202B7B195A18CC2D0064DBC4E02EB2BBFEA0657954CE3AAF:4230:##400940535+w9a+sd3vvDZ+hG+U+VR', '2020-02-28 10:40:24', '2020-02-28 10:40:24'),
(50, 'ORDER-20063LVqB04012940', NULL, 'true', 'Şişli', 'EnBiosis', 'Auth', '7.50', 'tr', '400940535', '5407 09** **** 6017', '1299', '2', '510138', 'a1', '22', 'MASTERCARD', 'ENDIET19', '540709***6017', '000098', 'Harbiye, Atiye Sokak. Kat: 2 No:8, Şişli/Istanbul', '2', '3.124.196.24', NULL, 'https://www.enbiosis.com/checkout-result', '540709:4217427037765248731136F2FCD7A418C9AB2804248DD57F575CAA589652AFDA:3672:##400940535', '00', '2', NULL, NULL, '20063LVqB04012942', '20200303 11:21:42', 'a2', 'Istanbul', '02', '3d_pay', NULL, 'Approved', 'tr', '145', 'Authenticated', NULL, '1299.0', 'false', 'jAICAgMCBgMDCQQCBAYJ9KjkCBI=', 'a5', 'digest', '006311039694', 'true', '896587', 'https://www.enbiosis.com/checkout-result', '3', 'postakod34367', '6.25', 'faturaFirma', '45e+QBgvc+zqYH9eRyQfhVeiwyw=', 'ISO-8859-9', NULL, '1', '2', '02', '2.0', 'XXX', NULL, 'is', '3', 'a4 desc', 'T. GARANTI BANKASI A.S.', '400940535', 'Y', 'UTF-8', 'Mi56cPjhI/pAiwRlNCy78nR8K1Y=', '9MOS/i72CKzKJokLgtPO', 'clientid:oid:AuthCode:ProcReturnCode:Response:mdStatus:cavv:eci:md:rnd:', '40094053589658700Approved1jAICAgMCBgMDCQQCBAYJ9KjkCBI=02540709:4217427037765248731136F2FCD7A418C9AB2804248DD57F575CAA589652AFDA:3672:##4009405359MOS/i72CKzKJokLgtPO', '2020-03-03 08:21:43', '2020-03-03 08:21:43');

-- --------------------------------------------------------

--
-- Table structure for table `photos`
--

CREATE TABLE `photos` (
  `id` int(10) UNSIGNED NOT NULL,
  `path` varchar(255) COLLATE utf8mb4_unicode_ci NOT NULL,
  `imageable_id` int(11) NOT NULL,
  `imageable_type` varchar(255) COLLATE utf8mb4_unicode_ci NOT NULL,
  `created_at` timestamp NULL DEFAULT NULL,
  `updated_at` timestamp NULL DEFAULT NULL
) ENGINE=InnoDB DEFAULT CHARSET=utf8mb4 COLLATE=utf8mb4_unicode_ci;

--
-- Dumping data for table `photos`
--

INSERT INTO `photos` (`id`, `path`, `imageable_id`, `imageable_type`, `created_at`, `updated_at`) VALUES
(19, 'q2dq2d-q2d-qd-q-d.png', 2, 'App\\Product', '2020-01-05 17:07:30', '2020-01-05 17:07:30'),
(20, 'tekli-urun.png', 11, 'App\\Product', '2020-01-14 16:38:32', '2020-01-14 16:38:32'),
(21, 'tekli-paket.jpg', 12, 'App\\Product', '2020-01-14 17:02:38', '2020-01-14 17:02:38'),
(28, 'cift-paketi.jpg', 14, 'App\\Product', '2020-01-14 17:10:03', '2020-01-14 17:10:03'),
(35, 'dortlu-takip-paketi.webp', 17, 'App\\Product', '2020-02-20 13:44:43', '2020-02-20 13:44:43'),
(36, 'tek-paket.jpeg', 16, 'App\\Product', '2020-02-20 13:44:53', '2020-02-20 13:44:53'),
(37, 'cift-paket.jpeg', 15, 'App\\Product', '2020-02-20 13:45:04', '2020-02-20 13:45:04'),
(38, 'ucludiyet-paket.jpeg', 13, 'App\\Product', '2020-02-20 13:45:22', '2020-02-20 13:45:22'),
(39, '1583309903laythateek@gmail.com.jpg', 12, 'App\\User', '2020-03-04 08:18:23', '2020-03-04 08:18:23');

-- --------------------------------------------------------

--
-- Table structure for table `products`
--

CREATE TABLE `products` (
  `id` bigint(20) UNSIGNED NOT NULL,
  `name` varchar(255) COLLATE utf8mb4_unicode_ci NOT NULL,
  `price` double(8,2) NOT NULL,
  `discount_price` double(8,2) DEFAULT NULL,
  `slug` varchar(255) COLLATE utf8mb4_unicode_ci NOT NULL,
  `description` longtext COLLATE utf8mb4_unicode_ci NOT NULL,
  `stok` int(11) NOT NULL,
  `admin_id` bigint(20) DEFAULT NULL,
  `number_of_kit` int(11) NOT NULL DEFAULT 1,
  `deleted_at` timestamp NULL DEFAULT NULL,
  `created_at` timestamp NULL DEFAULT NULL,
  `updated_at` timestamp NULL DEFAULT NULL
) ENGINE=InnoDB DEFAULT CHARSET=utf8mb4 COLLATE=utf8mb4_unicode_ci;

--
-- Dumping data for table `products`
--

INSERT INTO `products` (`id`, `name`, `price`, `discount_price`, `slug`, `description`, `stok`, `admin_id`, `number_of_kit`, `deleted_at`, `created_at`, `updated_at`) VALUES
(2, '12qd q2d q', 1212.00, NULL, 'q2dq2d-q2d-qd-q-d', '<p>q2eq2eq2 eq2 rq2 rq3fwf wfpwl;[rg ]e&nbsp;</p><p>e ge,g eg,m\\l[emrgem\\gl me\\g emrg ,kpegk,mp egpk eg&quot;&quot; &quot; &quot;&quot;&#39;&#39;&#39; &#39;&#39;&#39;&#39;&#39;&#39; &#39;&#39; &#39; &#39; &#39; &#39;&#39; &#39; &#39; &#39; &#39; &#39; &#39; &#39; &#39; &#39;&#39; &#39; g&#39; 7g&nbsp;</p>', 1212, 1, 10, '2020-01-14 17:02:53', '2020-01-03 03:22:48', '2020-01-14 17:02:53'),
(11, 'tekli-urun', 1.00, 50.00, 'tekli-urun', '<ol><li>awdawd awd awdwada wd ad a&nbsp;awdawd awd awdwada wd ad aawdawd awd awdwada wd ad aawdawd awd awdwada wd ad aawdawd awd awdwada wd ad aawdawd awd awdwada wd ad aawdawd awd awdwada wd ad</li><li>sefsef</li><li>se</li><li>sef</li><li>sef</li><li>sef</li><li>sefsefsef</li><li>sefsefsef</li><li>sefesfes</li><li>sefsefesf</li><li>sefesfes</li><li>sef</li></ol><p>esfsefsefsef&nbsp;</p><p>&nbsp;</p><p>sefsef</p><p>sef</p>', 333, 1, 10, '2020-01-14 17:02:48', '2020-01-05 17:04:58', '2020-01-14 17:02:48'),
(12, 'Tekli Paket', 1299.00, NULL, 'tekli-paket', '<p>Bağırsak mikrobiyom profilini g&ouml;r&uuml;nt&uuml;lemek i&ccedil;in bir kez test et.</p><p>Bağırsak mikrobiyom sıralama raporun sayesinde i&ccedil; d&uuml;nyan hakkında ayrıntılı bilgi sahibi ol!</p>', 5000, 1, 1, '2020-01-14 17:06:07', '2020-01-14 17:02:38', '2020-01-14 17:06:07'),
(13, 'Üçlü Diyet Paketi', 2925.00, NULL, 'ucludiyet-paket', '<p>Bağırsak mikrobiyom profilini &uuml;&ccedil; kez test et: diyet veya yaşam tarzı değişikliklerinden &ouml;nce, sırasında ve sonrasında!</p><p>Takipli yapacağın testler, sana zaman i&ccedil;inde bağırsak mikrobiyom profilinin nasıl değiştiğini daha kapsamlı bir dok&uuml;manla sunar.</p><p>Fonksiyonel aktif mikrobiyom değişikliklerini takip etmen i&ccedil;in yılda birka&ccedil; kez veya gerektiği sıklıkta tekrar test etmeni &ouml;neririz.</p>', 5000, 1, 3, NULL, '2020-01-14 17:03:57', '2020-01-14 17:03:57'),
(14, 'Çift Paketi', 2295.00, NULL, 'cift-paketi', '<p>Bağırsak mikrobiyom profilini &uuml;&ccedil; kez test et: diyet veya yaşam tarzı değişikliklerinden &ouml;nce, sırasında ve sonrasında!</p><p>Fonksiyonel aktif mikrobiyom değişikliklerini takip etmen i&ccedil;in yılda birka&ccedil; kez veya gerektiği sıklıkta tekrar test etmeni &ouml;neririz.</p>', 5000, 1, 2, '2020-01-14 17:10:20', '2020-01-14 17:04:42', '2020-01-14 17:10:20'),
(15, 'Çift Paketi', 2295.00, NULL, 'cift-paket', '<p>Mikrobiyom mod&uuml;lasyonunuzu g&ouml;rmek i&ccedil;in ikili paketi dene!</p>', 5000, 1, 2, NULL, '2020-01-14 17:12:00', '2020-02-15 11:13:42'),
(16, 'Tekli Paket', 1299.00, NULL, 'tek-paket', '<p>Bağırsak mikrobiyom profilini g&ouml;r&uuml;nt&uuml;lemek i&ccedil;in bir kez test et.</p><p>Bağırsak mikrobiyom sıralama raporun sayesinde i&ccedil; d&uuml;nyan hakkında ayrıntılı bilgi sahibi ol!</p>', 5000, 1, 1, NULL, '2020-01-14 17:12:56', '2020-01-14 17:12:56'),
(17, 'Dörtlü Takip Paketi', 3825.00, NULL, 'dortlu-takip-paketi', '<p>Bağırsak mikrobiyom profilini d&ouml;rt kez test et: diyet veya yaşam tarzı değişikliklerinden &ouml;nce, sırasında, sonrasında ve kontrol&uuml;nde!</p><p><br />Takipli yapacağın testler, sana zaman i&ccedil;inde bağırsak mikrobiyom profilinin nasıl değiştiğini daha kapsamlı bir dok&uuml;manla sunar.</p><p>Fonksiyonel aktif mikrobiyom değişikliklerini takip etmen i&ccedil;in yılda birka&ccedil; kez veya gerektiği sıklıkta tekrar test etmeni &ouml;neririz.</p>', 5000, 1, 4, NULL, '2020-01-27 10:12:15', '2020-01-27 10:12:37');

-- --------------------------------------------------------

--
-- Table structure for table `questions`
--

CREATE TABLE `questions` (
  `id` bigint(20) UNSIGNED NOT NULL,
  `survey_section_id` bigint(20) UNSIGNED NOT NULL,
  `question_type` varchar(255) COLLATE utf8mb4_unicode_ci NOT NULL DEFAULT 'text',
  `question_order` int(10) UNSIGNED NOT NULL DEFAULT 1,
  `created_at` timestamp NULL DEFAULT NULL,
  `updated_at` timestamp NULL DEFAULT NULL,
  `deleted_at` timestamp NULL DEFAULT NULL
) ENGINE=InnoDB DEFAULT CHARSET=utf8mb4 COLLATE=utf8mb4_unicode_ci;

--
-- Dumping data for table `questions`
--

INSERT INTO `questions` (`id`, `survey_section_id`, `question_type`, `question_order`, `created_at`, `updated_at`, `deleted_at`) VALUES
(67, 55, 'text', 1, '2020-03-02 13:24:24', '2020-03-03 04:40:35', NULL),
(68, 55, 'text', 2, '2020-03-02 13:24:57', '2020-03-02 13:24:57', NULL),
(69, 55, 'number', 3, '2020-03-02 13:25:10', '2020-03-02 13:25:10', NULL),
(70, 55, 'text', 4, '2020-03-02 13:25:25', '2020-03-02 13:25:25', NULL),
(71, 55, 'radio', 5, '2020-03-02 13:26:02', '2020-03-02 13:26:20', NULL),
(72, 55, 'text', 6, '2020-03-02 13:26:38', '2020-03-02 13:26:38', NULL),
(73, 55, 'text', 7, '2020-03-02 13:26:51', '2020-03-02 13:26:51', NULL),
(74, 55, 'radio', 8, '2020-03-02 13:28:48', '2020-03-02 13:28:48', NULL),
(75, 55, 'radio', 9, '2020-03-02 13:29:23', '2020-03-02 13:29:23', NULL),
(76, 55, 'radio', 10, '2020-03-02 13:30:18', '2020-03-02 13:30:18', NULL),
(77, 55, 'text', 11, '2020-03-02 13:30:46', '2020-03-02 13:30:46', NULL),
(78, 55, 'radio', 12, '2020-03-02 13:31:35', '2020-03-02 13:31:35', NULL),
(79, 55, 'radio', 13, '2020-03-02 13:32:37', '2020-03-02 13:33:34', NULL),
(80, 55, 'radio', 14, '2020-03-02 13:35:45', '2020-03-02 13:35:45', NULL),
(81, 55, 'radio', 15, '2020-03-02 13:38:24', '2020-03-02 13:38:24', NULL),
(82, 55, 'radio', 16, '2020-03-02 13:39:32', '2020-03-02 13:39:32', NULL),
(83, 55, 'radio', 17, '2020-03-02 13:40:19', '2020-03-02 13:40:19', NULL),
(84, 55, 'radio', 18, '2020-03-02 13:40:58', '2020-03-02 13:40:58', NULL),
(85, 55, 'radio', 19, '2020-03-02 13:41:47', '2020-03-02 13:43:35', NULL),
(86, 55, 'radio', 20, '2020-03-02 13:42:54', '2020-03-02 13:43:23', NULL),
(87, 55, 'radio', 21, '2020-03-02 13:45:31', '2020-03-02 13:45:31', NULL),
(88, 55, 'radio', 22, '2020-03-02 13:46:18', '2020-03-02 13:46:18', NULL),
(89, 55, 'radio', 23, '2020-03-02 13:47:13', '2020-03-02 13:47:13', NULL),
(90, 55, 'radio', 24, '2020-03-02 13:48:17', '2020-03-02 13:48:17', NULL),
(91, 56, 'radio', 1, '2020-03-02 13:54:58', '2020-03-02 13:54:58', NULL),
(92, 56, 'radio', 2, '2020-03-02 13:56:51', '2020-03-02 13:56:51', NULL),
(93, 56, 'radio', 3, '2020-03-02 13:58:28', '2020-03-02 13:58:40', NULL),
(94, 56, 'radio', 4, '2020-03-02 13:59:47', '2020-03-03 06:29:06', '2020-03-03 06:29:06'),
(95, 55, 'date', 1, '2020-03-03 04:41:04', '2020-03-05 04:38:47', '2020-03-05 04:38:47'),
(96, 56, 'radio', 4, '2020-03-03 06:32:12', '2020-03-03 06:32:12', NULL),
(97, 56, 'radio', 5, '2020-03-03 06:35:54', '2020-03-03 06:35:54', NULL),
(98, 56, 'radio', 6, '2020-03-03 06:37:24', '2020-03-03 06:37:24', NULL),
(99, 56, 'radio', 7, '2020-03-03 06:40:13', '2020-03-03 06:40:21', NULL),
(100, 56, 'radio', 8, '2020-03-03 06:41:03', '2020-03-03 06:41:03', NULL),
(101, 56, 'radio', 9, '2020-03-03 06:45:22', '2020-03-03 06:45:22', NULL),
(102, 56, 'radio', 10, '2020-03-03 06:47:20', '2020-03-03 06:47:20', NULL),
(103, 56, 'radio', 11, '2020-03-03 06:48:38', '2020-03-03 06:48:38', NULL),
(104, 56, 'radio', 12, '2020-03-03 06:52:07', '2020-03-03 06:52:07', NULL),
(105, 56, 'radio', 13, '2020-03-03 06:53:33', '2020-03-03 06:53:33', NULL),
(106, 56, 'radio', 14, '2020-03-03 06:55:02', '2020-03-03 06:55:02', NULL),
(107, 56, 'radio', 15, '2020-03-03 06:55:51', '2020-03-03 06:55:51', NULL),
(108, 56, 'radio', 16, '2020-03-03 06:56:43', '2020-03-03 06:56:43', NULL),
(109, 56, 'radio', 17, '2020-03-03 06:57:24', '2020-03-03 07:00:57', NULL),
(110, 56, 'radio', 19, '2020-03-03 06:58:58', '2020-03-03 06:58:58', NULL),
(111, 56, 'radio', 21, '2020-03-03 07:00:29', '2020-03-03 07:00:29', NULL),
(112, 56, 'textarea', 22, '2020-03-03 07:00:45', '2020-03-03 07:00:45', NULL),
(113, 57, 'checkbox', 1, '2020-03-03 07:03:08', '2020-03-03 07:03:08', NULL),
(114, 57, 'checkbox', 2, '2020-03-03 07:10:53', '2020-03-03 07:10:53', NULL),
(115, 57, 'radio', 3, '2020-03-03 07:12:46', '2020-03-03 07:12:46', NULL),
(116, 58, 'radio', 1, '2020-03-03 07:15:00', '2020-03-03 07:15:00', NULL),
(117, 58, 'radio', 2, '2020-03-03 07:22:32', '2020-03-03 07:22:32', NULL),
(118, 58, 'radio', 3, '2020-03-03 07:23:21', '2020-03-03 07:23:21', NULL),
(119, 58, 'radio', 4, '2020-03-03 07:24:11', '2020-03-03 07:24:11', NULL),
(120, 58, 'radio', 5, '2020-03-03 07:25:09', '2020-03-03 07:25:36', NULL),
(121, 58, 'radio', 6, '2020-03-03 07:26:27', '2020-03-03 07:26:40', NULL),
(122, 58, 'radio', 7, '2020-03-03 07:31:33', '2020-03-03 07:31:33', NULL),
(123, 58, 'radio', 8, '2020-03-03 07:33:20', '2020-03-03 07:33:36', NULL),
(124, 58, 'radio', 9, '2020-03-03 07:35:14', '2020-03-03 07:35:14', NULL),
(125, 59, 'radio', 1, '2020-03-03 07:37:05', '2020-03-03 07:37:05', NULL),
(126, 59, 'radio', 2, '2020-03-03 07:38:39', '2020-03-03 07:38:39', NULL),
(127, 59, 'radio', 3, '2020-03-03 07:51:43', '2020-03-03 07:51:43', NULL),
(128, 59, 'radio', 4, '2020-03-03 07:53:41', '2020-03-03 07:53:41', NULL),
(129, 59, 'radio', 5, '2020-03-03 07:55:26', '2020-03-03 07:55:26', NULL),
(130, 59, 'radio', 6, '2020-03-03 07:57:06', '2020-03-03 07:57:06', NULL),
(131, 59, 'radio', 7, '2020-03-03 07:58:11', '2020-03-03 07:58:11', NULL),
(132, 59, 'radio', 8, '2020-03-03 08:00:02', '2020-03-03 08:00:02', NULL),
(133, 59, 'radio', 9, '2020-03-03 08:06:56', '2020-03-03 08:06:56', NULL),
(134, 59, 'radio', 10, '2020-03-03 08:08:16', '2020-03-03 08:08:31', NULL),
(135, 59, 'radio', 11, '2020-03-03 08:09:15', '2020-03-03 08:09:15', NULL),
(136, 59, 'radio', 12, '2020-03-03 08:09:54', '2020-03-03 08:09:54', NULL),
(137, 59, 'radio', 13, '2020-03-03 08:10:30', '2020-03-03 08:10:30', NULL),
(138, 59, 'radio', 14, '2020-03-03 08:11:14', '2020-03-03 08:11:14', NULL),
(139, 59, 'radio', 15, '2020-03-03 08:12:00', '2020-03-03 08:12:12', NULL),
(140, 59, 'radio', 16, '2020-03-03 08:13:05', '2020-03-03 08:13:05', NULL),
(141, 59, 'radio', 17, '2020-03-03 08:14:01', '2020-03-03 08:14:01', NULL),
(142, 59, 'radio', 18, '2020-03-03 08:15:34', '2020-03-03 08:15:34', NULL),
(143, 59, 'radio', 19, '2020-03-03 08:20:28', '2020-03-03 08:20:28', NULL),
(144, 59, 'radio', 20, '2020-03-03 08:21:30', '2020-03-03 08:21:30', NULL),
(145, 59, 'radio', 21, '2020-03-03 08:47:00', '2020-03-03 08:47:00', NULL),
(146, 59, 'radio', 22, '2020-03-03 08:48:03', '2020-03-03 08:48:03', NULL);

-- --------------------------------------------------------

--
-- Table structure for table `question_langs`
--

CREATE TABLE `question_langs` (
  `id` bigint(20) UNSIGNED NOT NULL,
  `lang` varchar(255) COLLATE utf8mb4_unicode_ci NOT NULL DEFAULT 'tr',
  `question_id` bigint(20) UNSIGNED NOT NULL,
  `title` varchar(255) COLLATE utf8mb4_unicode_ci NOT NULL,
  `option_name` longtext COLLATE utf8mb4_unicode_ci DEFAULT NULL,
  `created_at` timestamp NULL DEFAULT NULL,
  `updated_at` timestamp NULL DEFAULT NULL,
  `deleted_at` timestamp NULL DEFAULT NULL
) ENGINE=InnoDB DEFAULT CHARSET=utf8mb4 COLLATE=utf8mb4_unicode_ci;

--
-- Dumping data for table `question_langs`
--

INSERT INTO `question_langs` (`id`, `lang`, `question_id`, `title`, `option_name`, `created_at`, `updated_at`, `deleted_at`) VALUES
(63, 'tr', 67, 'Doğum Tarihiniz', NULL, '2020-03-02 13:24:24', '2020-03-02 13:24:24', NULL),
(64, 'tr', 68, 'Mesleğiniz', NULL, '2020-03-02 13:24:57', '2020-03-02 13:24:57', NULL),
(65, 'tr', 69, 'Kilonuz', NULL, '2020-03-02 13:25:10', '2020-03-02 13:25:10', NULL),
(66, 'tr', 70, 'Boyunuz', NULL, '2020-03-02 13:25:25', '2020-03-02 13:25:25', NULL),
(67, 'tr', 71, 'Doğum şekliniz', '[{\"title\":\"Normal do\\u011fum\",\"is_if\":null},{\"title\":\"Sezeryan\",\"is_if\":null}]', '2020-03-02 13:26:02', '2020-03-02 13:26:02', NULL),
(68, 'tr', 72, 'Yaşadığınız şehir', NULL, '2020-03-02 13:26:38', '2020-03-02 13:26:38', NULL),
(69, 'tr', 73, 'Ülke', NULL, '2020-03-02 13:26:51', '2020-03-02 13:26:51', NULL),
(70, 'tr', 74, 'Hiç farklı bir ülkede yaşadınız mı ?', '[{\"title\":\"Evet\",\"is_if\":\"Hangi y\\u0131llar aras\\u0131nda nerede ya\\u015fad\\u0131n\\u0131z ?\"},{\"title\":\"Hay\\u0131r\",\"is_if\":null}]', '2020-03-02 13:28:48', '2020-03-02 13:28:48', NULL),
(71, 'tr', 75, 'Şu anda yaşadığınız bölge', '[{\"title\":\"K\\u0131rsal\",\"is_if\":null},{\"title\":\"Kentsel\",\"is_if\":null}]', '2020-03-02 13:29:23', '2020-03-02 13:29:23', NULL),
(72, 'tr', 76, 'Yaşadığınız konut tipi', '[{\"title\":\"Apartman Dairesi\",\"is_if\":null},{\"title\":\"M\\u00fcstakil bah\\u00e7eli ev\",\"is_if\":null}]', '2020-03-02 13:30:18', '2020-03-02 13:30:18', NULL),
(73, 'tr', 77, 'Günde ortalama kaç adım yürürsünüz', NULL, '2020-03-02 13:30:46', '2020-03-02 13:30:46', NULL),
(74, 'tr', 78, 'Gün içerisinde genellikle', '[{\"title\":\"oturarak \\u00e7al\\u0131\\u015f\\u0131r\\u0131m\",\"is_if\":null},{\"title\":\"zaman\\u0131m ayakta ge\\u00e7er\",\"is_if\":null},{\"title\":\"fiziksel aktivite gerektiren faliyetlerde bulunurum\",\"is_if\":null}]', '2020-03-02 13:31:35', '2020-03-02 13:31:35', NULL),
(75, 'tr', 79, 'Spor yapma sıklığınız', '[{\"title\":\"hi\\u00e7\",\"is_if\":null},{\"title\":\"nadir\",\"is_if\":null},{\"title\":\"Haftada 1-2 kere\",\"is_if\":null},{\"title\":\"Haftada 3-5 kere\",\"is_if\":null},{\"title\":\"her g\\u00fcn\",\"is_if\":null}]', '2020-03-02 13:32:37', '2020-03-02 13:32:37', NULL),
(76, 'tr', 80, 'Uykusuzluk problemi çeker misiniz ?', '[{\"title\":\"Evet\",\"is_if\":\"Ortalama uyku s\\u00fcreniz nedir ?\"},{\"title\":\"Hay\\u0131r\",\"is_if\":\"Ortalama uyku s\\u00fcreniz nedir ?\"}]', '2020-03-02 13:35:45', '2020-03-02 13:35:45', NULL),
(77, 'tr', 81, 'Yatağa girince 30 dakika içerisinde uykuya dalar mısınız ?', '[{\"title\":\"Evet\",\"is_if\":null},{\"title\":\"Hay\\u0131r\",\"is_if\":null}]', '2020-03-02 13:38:25', '2020-03-02 13:38:25', NULL),
(78, 'tr', 82, 'Uykunun ortasında ya da sabah çok erken uyanır mısınız ?', '[{\"title\":\"Evet\",\"is_if\":null},{\"title\":\"Hay\\u0131r\",\"is_if\":null}]', '2020-03-02 13:39:32', '2020-03-02 13:39:32', NULL),
(79, 'tr', 83, 'Günlük uyku süreniz', '[{\"title\":\"5 saatten az\",\"is_if\":null},{\"title\":\"5-6 saat\",\"is_if\":null},{\"title\":\"7-8 saat\",\"is_if\":null},{\"title\":\"8 saatten fazla\",\"is_if\":null}]', '2020-03-02 13:40:19', '2020-03-02 13:40:19', NULL),
(80, 'tr', 84, 'Sigara kullanır mısınız ?', '[{\"title\":\"hay\\u0131r\",\"is_if\":null},{\"title\":\"haftada birka\\u00e7\",\"is_if\":null},{\"title\":\"g\\u00fcnde birka\\u00e7\",\"is_if\":null},{\"title\":\"g\\u00fcnde 1 paket\",\"is_if\":null}]', '2020-03-02 13:40:58', '2020-03-02 13:40:58', NULL),
(81, 'tr', 85, 'Alkol kullanır mısınız ?', '[{\"title\":\"hay\\u0131r\",\"is_if\":null},{\"title\":\"ayda birka\\u00e7 kez\",\"is_if\":null},{\"title\":\"haftada birka\\u00e7 kaz\",\"is_if\":null},{\"title\":\"g\\u00fcnl\\u00fck\",\"is_if\":null}]', '2020-03-02 13:41:47', '2020-03-02 13:41:47', NULL),
(82, 'tr', 86, 'Evinizde evcil hayvan', '[{\"title\":\"yok\",\"is_if\":null},{\"title\":\"kedi\",\"is_if\":null},{\"title\":\"k\\u00f6pek\",\"is_if\":null},{\"title\":\"akvaryum\\/kafes havyan\\u0131\",\"is_if\":null},{\"title\":\"di\\u011fer\",\"is_if\":\"nedir ?\"}]', '2020-03-02 13:42:54', '2020-03-02 13:42:54', NULL),
(83, 'tr', 87, 'Yaşam alanınızda/ konutunuzda yalnız mı yaşıyorsunuz ?', '[{\"title\":\"Evet\",\"is_if\":null},{\"title\":\"Hay\\u0131r\",\"is_if\":\"Ka\\u00e7 ki\\u015fi ile ya\\u015f\\u0131yorsunuz ?\"}]', '2020-03-02 13:45:31', '2020-03-02 13:45:31', NULL),
(84, 'tr', 88, 'Genel olarak kendimi', '[{\"title\":\"Yorgun hissederim\",\"is_if\":null},{\"title\":\"enerjik hissederim\",\"is_if\":null}]', '2020-03-02 13:46:18', '2020-03-02 13:46:18', NULL),
(85, 'tr', 89, 'İş, sosyal aktivite ve/veya eğlence sebebiyle bir gün boyunca mavi ışığa (telefon, bilgisyar, televizyon gibi) maruz kalma süreniz', '[{\"title\":\"3 saatten daha az\",\"is_if\":null},{\"title\":\"3-5 saat aras\\u0131\",\"is_if\":null},{\"title\":\"5-8 saat aras\\u0131\",\"is_if\":null},{\"title\":\"8 saatten fazla\",\"is_if\":null}]', '2020-03-02 13:47:13', '2020-03-02 13:47:13', NULL),
(86, 'tr', 90, 'Yemek yedikten sonra kendinizi nasıl hissedersiniz ?', '[{\"title\":\"Rahatlam\\u0131\\u015f\",\"is_if\":null},{\"title\":\"\\u015ei\\u015fkin\",\"is_if\":null},{\"title\":\"Uykum gelir\",\"is_if\":null},{\"title\":\"Daha fazla yemek isterim\",\"is_if\":null},{\"title\":\"Pi\\u015fmanl\\u0131k\",\"is_if\":null}]', '2020-03-02 13:48:17', '2020-03-02 13:48:17', NULL),
(87, 'tr', 91, 'Diyabet (şeker hastalığı) şikayetiniz var mı ?', '[{\"title\":\"Hay\\u0131r\",\"is_if\":null},{\"title\":\"Evet, hekim taraf\\u0131ndan te\\u015fhis edildi\",\"is_if\":\"Diyabet tipiniz ( Tip 1 diyabet - tip 2 diyabet -  gebelik \\u015fekeri  - bilmiyorum)\"},{\"title\":\"te\\u015fhis edilmedi, ama \\u015f\\u00fcpheleniyorum\",\"is_if\":null}]', '2020-03-02 13:54:58', '2020-03-02 13:54:58', NULL),
(88, 'tr', 92, 'Böbrek hastalığı şikayetiniz varmı ?', '[{\"title\":\"Hay\\u0131r\",\"is_if\":null},{\"title\":\"Evet, hekim taraf\\u0131ndan te\\u015fhis edildi\",\"is_if\":null},{\"title\":\"te\\u015fhis edilmedi, ama \\u015f\\u00fcpheleniyorum\",\"is_if\":null}]', '2020-03-02 13:56:51', '2020-03-02 13:56:51', NULL),
(89, 'tr', 93, 'Kanser teşhisi aldınız mı ?', '[{\"title\":\"Hay\\u0131r\",\"is_if\":null},{\"title\":\"Evet, hekim taraf\\u0131ndan te\\u015fhis edildi\",\"is_if\":\"Kanser \\u00e7e\\u015fidi\"}]', '2020-03-02 13:58:28', '2020-03-02 13:58:28', NULL),
(90, 'tr', 94, 'Cilt probleminiz var mı ?', '[{\"title\":\"Hay\\u0131r\",\"is_if\":null},{\"title\":\"Evet\",\"is_if\":\"Cilt problem tipi (  sedef - kepek\\/d\\u00f6k\\u00fcnt\\u00fc -  mantar \\u00fcremesi  - di\\u011fer  )\"}]', '2020-03-02 13:59:47', '2020-03-02 13:59:47', NULL),
(91, 'tr', 95, 'Doğum Tarihimiz', NULL, '2020-03-03 04:41:04', '2020-03-03 04:41:04', NULL),
(92, 'tr', 96, 'Cilt probleminiz', '[{\"title\":\"Sedef\",\"is_if\":null},{\"title\":\"Kepek \\/ D\\u00f6k\\u00fcnt\\u00fc\",\"is_if\":null},{\"title\":\"Mantar \\u00fcremesi\",\"is_if\":null},{\"title\":\"Di\\u011fer\",\"is_if\":\"Yaz\\u0131n\\u0131z\"},{\"title\":\"problem yok\",\"is_if\":null}]', '2020-03-03 06:32:12', '2020-03-03 06:32:12', NULL),
(93, 'tr', 97, 'Kronik bağırsak probleminiz', '[{\"title\":\"Kronik kab\\u0131zl\\u0131k\",\"is_if\":null},{\"title\":\"Kronik ishal\",\"is_if\":null},{\"title\":\"Gaz\\/\\u015fi\\u015fkinlik\",\"is_if\":null},{\"title\":\"Di\\u011fer\",\"is_if\":\"Yaz\\u0131n\\u0131z\"},{\"title\":\"Problem yok\",\"is_if\":null}]', '2020-03-03 06:35:54', '2020-03-03 06:35:54', NULL),
(94, 'tr', 98, 'Laktoz intoleransnız var mı ?', '[{\"title\":\"Hay\\u0131r\",\"is_if\":null},{\"title\":\"Evet\",\"is_if\":\"Hangi test ile tan\\u0131mland\\u0131\"}]', '2020-03-03 06:37:24', '2020-03-03 06:37:24', NULL),
(95, 'tr', 99, 'Akciğer hastalığınız var mı ?', '[{\"title\":\"Hay\\u0131r\",\"is_if\":null},{\"title\":\"Evet, hekim taraf\\u0131ndan te\\u015fhis edildi\",\"is_if\":null},{\"title\":\"Te\\u015fhis edilmedi, ama \\u015f\\u00fcpheleniyorum\",\"is_if\":null}]', '2020-03-03 06:40:13', '2020-03-03 06:40:13', NULL),
(96, 'tr', 100, 'Karaciğer hastalıınız var mı ?', '[{\"title\":\"Hay\\u0131r\",\"is_if\":null},{\"title\":\"Evet, hekim taraf\\u0131ndan te\\u015fhis edildi\",\"is_if\":null},{\"title\":\"Te\\u015fhis edilmedi, ama \\u015f\\u00fcpheleniyorum\",\"is_if\":null}]', '2020-03-03 06:41:03', '2020-03-03 06:41:03', NULL),
(97, 'tr', 101, 'Kalp probleminiz var mı?', '[{\"title\":\"Hay\\u0131r\",\"is_if\":null},{\"title\":\"Evet, hekim taraf\\u0131ndan te\\u015fhis edildi\",\"is_if\":null},{\"title\":\"Te\\u015fhis edilmedi, ama \\u015f\\u00fcpheleniyorum\",\"is_if\":null}]', '2020-03-03 06:45:22', '2020-03-03 06:45:22', NULL),
(98, 'tr', 102, 'Depresyon şikayetiniz var mı ?', '[{\"title\":\"Hay\\u0131r\",\"is_if\":null},{\"title\":\"Evet, hekim taraf\\u0131ndan te\\u015fhis edildi\",\"is_if\":null},{\"title\":\"Te\\u015fhis edilmedi, ama \\u015f\\u00fcpheleniyorum\",\"is_if\":null}]', '2020-03-03 06:47:20', '2020-03-03 06:47:20', NULL),
(99, 'tr', 103, 'Migren şikayetiniz var mı ?', '[{\"title\":\"Hay\\u0131r\",\"is_if\":null},{\"title\":\"Evet, hekim taraf\\u0131ndan te\\u015fhis edildi\",\"is_if\":null},{\"title\":\"Te\\u015fhis edilmedi, ama \\u015f\\u00fcpheleniyorum\",\"is_if\":null}]', '2020-03-03 06:48:38', '2020-03-03 06:48:38', NULL),
(100, 'tr', 104, 'Reflü, gastrit ya da ülser şikayetleriniz var mı ?', '[{\"title\":\"Hay\\u0131r\",\"is_if\":null},{\"title\":\"Evet, hekim taraf\\u0131ndan te\\u015fhis edildi\",\"is_if\":\"te\\u015fhisi nedir ?\"},{\"title\":\"Te\\u015fhis edilmedi, ama \\u015f\\u00fcpheleniyorum\",\"is_if\":\"\\u015f\\u00fcphelendi\\u011finiz nedir ?\"}]', '2020-03-03 06:52:07', '2020-03-03 06:52:07', NULL),
(101, 'tr', 105, 'Gluten hassasiyeti probleminiz var mı ?', '[{\"title\":\"Hay\\u0131r\",\"is_if\":null},{\"title\":\"Evet, hekim taraf\\u0131ndan te\\u015fhis edildi\",\"is_if\":null},{\"title\":\"Te\\u015fhis edilmedi, ama \\u015f\\u00fcpheleniyorum\",\"is_if\":null}]', '2020-03-03 06:53:33', '2020-03-03 06:53:33', NULL),
(102, 'tr', 106, 'Tiroid probleminiz', '[{\"title\":\"Tiroid probleminiz\",\"is_if\":null},{\"title\":\"Hipertroidi\",\"is_if\":null},{\"title\":\"Hipotroidi\",\"is_if\":null},{\"title\":\"Di\\u011fer\",\"is_if\":\"Yaz\\u0131n\\u0131z\"},{\"title\":\"Hay\\u0131r\",\"is_if\":null}]', '2020-03-03 06:55:02', '2020-03-03 06:55:02', NULL),
(103, 'tr', 107, 'Romatizma probleminiz var mı ?', '[{\"title\":\"Hay\\u0131r\",\"is_if\":null},{\"title\":\"Evet, hekim taraf\\u0131ndan te\\u015fhis edildi\",\"is_if\":null},{\"title\":\"Te\\u015fhis edilmedi, ama \\u015f\\u00fcpheleniyorum\",\"is_if\":null}]', '2020-03-03 06:55:51', '2020-03-03 06:55:51', NULL),
(104, 'tr', 108, 'Son iki yıl içerisinde hastanede yatarak tedavi gördünüz mü ya da 3 günden uzun süreli olarak refakatçi kaldınız mı ?', '[{\"title\":\"Hay\\u0131r\",\"is_if\":null},{\"title\":\"Evet\",\"is_if\":\"Hangi sa\\u011fl\\u0131k sorunu sebebiyle tedavi g\\u00f6rd\\u00fcn\\u00fcz ? Ka\\u00e7 g\\u00fcn hastanede kald\\u0131n\\u0131z ?\"}]', '2020-03-03 06:56:43', '2020-03-03 06:56:43', NULL),
(105, 'tr', 109, 'Şimdiye kadar hiç operasyon geçirdiniz mi?', '[{\"title\":\"Hay\\u0131r\",\"is_if\":null},{\"title\":\"Evet\",\"is_if\":\"Operasyonlar\\u0131 ve tarihlerini l\\u00fctfen yaz\\u0131n\\u0131z\"}]', '2020-03-03 06:57:24', '2020-03-03 06:57:24', NULL),
(106, 'tr', 110, 'Haftalık bağırsak faaliyeti', '[{\"title\":\"Haftada ortalama1 kez tuvalete \\u00e7\\u0131kar\\u0131m\",\"is_if\":null},{\"title\":\"Haftada ortalama 2-3 kez tuvalete \\u00e7\\u0131kar\\u0131m\",\"is_if\":null},{\"title\":\"G\\u00fcnl\\u00fck ortalama 1 kez tuvalete \\u00e7\\u0131kar\\u0131m\",\"is_if\":null},{\"title\":\"G\\u00fcnl\\u00fck ortalama 2 kez tuvalete \\u00e7\\u0131kar\\u0131m\",\"is_if\":null},{\"title\":\"G\\u00fcnl\\u00fck ortalama 3 kez veya daha fazla tuvalete \\u00e7\\u0131kar\\u0131m\",\"is_if\":null},{\"title\":\"Yukar\\u0131dakilerden farkl\\u0131 olarak\",\"is_if\":\"Ka\\u00e7 kez tuvalete \\u00e7\\u0131kars\\u0131n\\u0131z\"}]', '2020-03-03 06:58:58', '2020-03-03 06:58:58', NULL),
(107, 'tr', 111, 'Bağırsak problemi yaşıyor musunuz ?', '[{\"title\":\"Hay\\u0131r\",\"is_if\":null},{\"title\":\"Genellikle ishal problemi ya\\u015famaktay\\u0131m\",\"is_if\":null},{\"title\":\"Genellikle kab\\u0131zl\\u0131k problemi ya\\u015famaktay\\u0131m\",\"is_if\":null}]', '2020-03-03 07:00:29', '2020-03-03 07:00:29', NULL),
(108, 'tr', 112, 'Yukarıda belirtilenler dışında hekim tarafından tanısı konulmuş hastalıklarınızı aşağıya ekleyebilirsiniz.', NULL, '2020-03-03 07:00:45', '2020-03-03 07:00:45', NULL),
(109, 'tr', 113, 'Gıda alerjiniz var mı ?', '[{\"title\":\"F\\u0131st\\u0131k\\/a\\u011fa\\u00e7 yemi\\u015fleri\",\"is_if\":null},{\"title\":\"Deniz \\u00fcr\\u00fcnleri\",\"is_if\":null},{\"title\":\"Yumurta\",\"is_if\":null},{\"title\":\"Gluten\",\"is_if\":null},{\"title\":\"Di\\u011fer\",\"is_if\":\"Yaz\\u0131n\\u0131z\"},{\"title\":\"G\\u0131da alerjim yok\",\"is_if\":null}]', '2020-03-03 07:03:08', '2020-03-03 07:03:08', NULL),
(110, 'tr', 114, 'Gıda dışı alerji şikayetiniz var mı ?', '[{\"title\":\"G\\u00fcne\\u015f\",\"is_if\":null},{\"title\":\"Hayvan t\\u00fcy\\u00fc\",\"is_if\":null},{\"title\":\"Antibiyotik\",\"is_if\":null},{\"title\":\"Polen\\/toz\",\"is_if\":null},{\"title\":\"Di\\u011fer\",\"is_if\":\"Yaz\\u0131n\\u0131z\"},{\"title\":\"G\\u0131da d\\u0131\\u015f\\u0131 alerjim yok\",\"is_if\":null}]', '2020-03-03 07:10:53', '2020-03-03 07:10:53', NULL),
(111, 'tr', 115, 'Alerji olarak sınıflandırılamayacak tahmin ettiğiniz bir besin intoleransınız var mı ?', '[{\"title\":\"Hay\\u0131r\",\"is_if\":null},{\"title\":\"Evet\",\"is_if\":\"Hangi besini t\\u00fcketince nas\\u0131l bir sorun ya\\u015fad\\u0131\\u011f\\u0131n\\u0131z\\u0131 belirtiniz.\"}]', '2020-03-03 07:12:47', '2020-03-03 07:12:47', NULL),
(112, 'tr', 116, 'Son altı ay içerisinde antibiyotik kullandınız mı ?', '[{\"title\":\"Hay\\u0131r\",\"is_if\":null},{\"title\":\"Evet, son 1 ay i\\u00e7inde\",\"is_if\":null},{\"title\":\"Evet, 3 ay \\u00f6nce\",\"is_if\":null},{\"title\":\"Evet 6 ay \\u00f6nce\",\"is_if\":null}]', '2020-03-03 07:15:00', '2020-03-03 07:15:00', NULL),
(113, 'tr', 117, 'Son altı ayda mide koruyucu (proton pompa inhibitor benzeri) ilaçlar kullandınız mı?', '[{\"title\":\"Hay\\u0131r\",\"is_if\":null},{\"title\":\"Evet\",\"is_if\":null}]', '2020-03-03 07:22:32', '2020-03-03 07:22:32', NULL),
(114, 'tr', 118, 'Son grip aşısı olma tarihiniz', '[{\"title\":\"son 6 ay i\\u00e7erisinde\",\"is_if\":null},{\"title\":\"son 12 ay i\\u00e7erisinde\",\"is_if\":null},{\"title\":\"son 1 y\\u0131l i\\u00e7erisinde grip a\\u015f\\u0131s\\u0131 olmad\\u0131m\",\"is_if\":null}]', '2020-03-03 07:23:21', '2020-03-03 07:23:21', NULL),
(115, 'tr', 119, 'Multivitamin takviyesi', '[{\"title\":\"kullanm\\u0131yorum\",\"is_if\":null},{\"title\":\"g\\u00fcnl\\u00fck olarak kullan\\u0131yorum\",\"is_if\":null},{\"title\":\"haftada 1-2 kez\",\"is_if\":null},{\"title\":\"haftada 3-5 kez\",\"is_if\":null},{\"title\":\"nadir olarak\",\"is_if\":null}]', '2020-03-03 07:24:11', '2020-03-03 07:24:11', NULL),
(116, 'tr', 120, 'D vitamini takviyesi', '[{\"title\":\"kullanm\\u0131yorum\",\"is_if\":null},{\"title\":\"g\\u00fcnl\\u00fck olarak kullan\\u0131yorum\",\"is_if\":null},{\"title\":\"haftada 1-2 kez\",\"is_if\":null},{\"title\":\"haftada 3-5 kez\",\"is_if\":null},{\"title\":\"nadir olarak\",\"is_if\":null}]', '2020-03-03 07:25:10', '2020-03-03 07:25:10', NULL),
(117, 'tr', 121, 'B vitamini takviyesi', '[{\"title\":\"kullanm\\u0131yorum\",\"is_if\":null},{\"title\":\"g\\u00fcnl\\u00fck olarak kullan\\u0131yorum\",\"is_if\":null},{\"title\":\"haftada 1-2 kez\",\"is_if\":null},{\"title\":\"haftada 3-5 kez\",\"is_if\":null},{\"title\":\"nadir olarak\",\"is_if\":null}]', '2020-03-03 07:26:27', '2020-03-03 07:26:27', NULL),
(118, 'tr', 122, 'Probiyotik takviyesi', '[{\"title\":\"kullanm\\u0131yorum\",\"is_if\":null},{\"title\":\"g\\u00fcnl\\u00fck olarak kullan\\u0131yorum\",\"is_if\":null},{\"title\":\"haftada 1-2 kez\",\"is_if\":null},{\"title\":\"haftada 3-5 kez\",\"is_if\":null},{\"title\":\"nadir olarak\",\"is_if\":null}]', '2020-03-03 07:31:33', '2020-03-03 07:31:33', NULL),
(119, 'tr', 123, 'Eğer probiyotik takviyesi kullanıyorsanız kullandığınız probiyotik çeşidi', '[{\"title\":\"kullanm\\u0131yorum\",\"is_if\":null},{\"title\":\"Bilmiyorum\",\"is_if\":null},{\"title\":\"birden\\u00e7oketkenli\",\"is_if\":null},{\"title\":\"bifidobacterium\",\"is_if\":null},{\"title\":\"Di\\u011fer\",\"is_if\":\"kulland\\u0131\\u011f\\u0131n\\u0131z probiyotik \\u00e7e\\u015fidi\"}]', '2020-03-03 07:33:20', '2020-03-03 07:33:20', NULL),
(120, 'tr', 124, 'Yukarıdakiler dışında düzenli kullandığınız ilaç/takviye var mı ?', '[{\"title\":\"Hay\\u0131r\",\"is_if\":null},{\"title\":\"Evet\",\"is_if\":\"Kulland\\u0131\\u011f\\u0131n\\u0131zila\\u00e7\\/takviye\\/kimyasal t\\u00fcr\\u00fc\"}]', '2020-03-03 07:35:14', '2020-03-03 07:35:14', NULL),
(121, 'tr', 125, 'Beslenme tipiniz ?', '[{\"title\":\"Et yiyorum\",\"is_if\":null},{\"title\":\"Yaln\\u0131zca k\\u0131rm\\u0131z\\u0131 et yemiyorum\",\"is_if\":null},{\"title\":\"Deniz \\u00fcr\\u00fcnleri d\\u0131\\u015f\\u0131nda et yemiyorum\",\"is_if\":null},{\"title\":\"Vejetaryenim\",\"is_if\":null},{\"title\":\"Vegan\\u0131m\",\"is_if\":null}]', '2020-03-03 07:37:05', '2020-03-03 07:37:05', NULL),
(122, 'tr', 126, 'Takip ettiğiniz bir diyet var mı ?', '[{\"title\":\"Hay\\u0131r\",\"is_if\":null},{\"title\":\"Evet\",\"is_if\":\"Hangi diyet takip ediyorsunuz\"}]', '2020-03-03 07:38:39', '2020-03-03 07:38:39', NULL),
(123, 'tr', 127, 'Günde kaç ana öğün yemek yiyorsunuz ?', '[{\"title\":\"1\",\"is_if\":null},{\"title\":\"2\",\"is_if\":null},{\"title\":\"3\",\"is_if\":null},{\"title\":\"3\\u2019ten fazla\",\"is_if\":null}]', '2020-03-03 07:51:43', '2020-03-03 07:51:43', NULL),
(124, 'tr', 128, 'Öğün aralarında atıştırmalık gıdalar tüketir misiniz ?', '[{\"title\":\"Hay\\u0131r\",\"is_if\":null},{\"title\":\"Meyve\",\"is_if\":null},{\"title\":\"Kuru yemi\\u015f\",\"is_if\":null},{\"title\":\"Bisk\\u00fcvi\",\"is_if\":null},{\"title\":\"Di\\u011fer\",\"is_if\":\"Yaz\\u0131n\\u0131z\"}]', '2020-03-03 07:53:41', '2020-03-03 07:53:41', NULL),
(125, 'tr', 129, 'Şeker içerikli ürünler (çikolata, sütlü/hamurlu tatlılar vs) ya da yapay tatlandırıcı (diyet/zero/ligth içecekler/ürünler dahil) kullanıyor musunuz?', '[{\"title\":\"Hay\\u0131r\",\"is_if\":null},{\"title\":\"Evet\",\"is_if\":\"hangi s\\u0131kl\\u0131kta t\\u00fcketti\\u011finizi l\\u00fctfen belirtiniz.\"}]', '2020-03-03 07:55:26', '2020-03-03 07:55:26', NULL),
(126, 'tr', 130, 'Hazır içeçekleri (gazlı içecekler, hazır meyve suyu ve soğuk çay vs) tüketiyor musunuz ?', '[{\"title\":\"Hay\\u0131r\",\"is_if\":null},{\"title\":\"Evet\",\"is_if\":\"Hangi \\u00fcr\\u00fcnden ne s\\u0131kl\\u0131kta t\\u00fcketti\\u011finizi l\\u00fctfen belirtiniz.\"}]', '2020-03-03 07:57:06', '2020-03-03 07:57:06', NULL),
(127, 'tr', 131, 'Maden suyu tüketiyor musunuz ?', '[{\"title\":\"Hay\\u0131r\",\"is_if\":null},{\"title\":\"Evet\",\"is_if\":\"Haftada ortalama ka\\u00e7 ml ?\"}]', '2020-03-03 07:58:11', '2020-03-03 07:58:11', NULL),
(128, 'tr', 132, 'Haftalık sebze tüketim sıklığınız nedir ?', '[{\"title\":\"nadir\",\"is_if\":null},{\"title\":\"haftada 1-2 kez\",\"is_if\":\"En \\u00e7ok hangi sebze \\u00fcr\\u00fcn\\u00fcn\\u00fc t\\u00fcketti\\u011finizi l\\u00fctfen belirtiniz.\"},{\"title\":\"haftada 3-5 kez\",\"is_if\":\"En \\u00e7ok hangi sebze \\u00fcr\\u00fcn\\u00fcn\\u00fc t\\u00fcketti\\u011finizi l\\u00fctfen belirtiniz.\"},{\"title\":\"her g\\u00fcn\",\"is_if\":\"En \\u00e7ok hangi sebze \\u00fcr\\u00fcn\\u00fcn\\u00fc t\\u00fcketti\\u011finizi l\\u00fctfen belirtiniz.\"}]', '2020-03-03 08:00:02', '2020-03-03 08:00:02', NULL),
(129, 'tr', 133, 'Haftalık meyve tüketim sıklığınız nedir ?', '[{\"title\":\"nadir\",\"is_if\":null},{\"title\":\"haftada 1-2 kez\",\"is_if\":\"En \\u00e7ok hangi meyve \\u00fcr\\u00fcn\\u00fcn\\u00fc t\\u00fcketti\\u011finizi l\\u00fctfen belirtiniz.\"},{\"title\":\"haftada 3-5 kez\",\"is_if\":\"En \\u00e7ok hangi meyve \\u00fcr\\u00fcn\\u00fcn\\u00fc t\\u00fcketti\\u011finizi l\\u00fctfen belirtiniz.\"},{\"title\":\"her g\\u00fcn\",\"is_if\":\"En \\u00e7ok hangi meyve \\u00fcr\\u00fcn\\u00fcn\\u00fc t\\u00fcketti\\u011finizi l\\u00fctfen belirtiniz.\"}]', '2020-03-03 08:06:56', '2020-03-03 08:06:56', NULL),
(130, 'tr', 134, 'Kırmızı et tüketim sıklığınız nedir ?', '[{\"title\":\"t\\u00fcketmiyorum\",\"is_if\":null},{\"title\":\"nadir\",\"is_if\":null},{\"title\":\"haftada 1-2 kez\",\"is_if\":null},{\"title\":\"haftada 3-5 kez\",\"is_if\":null},{\"title\":\"her g\\u00fcn\",\"is_if\":null}]', '2020-03-03 08:08:16', '2020-03-03 08:08:16', NULL),
(131, 'tr', 135, 'Tavuk etit tüketim sıklığınız nedir ?', '[{\"title\":\"t\\u00fcketmiyorum\",\"is_if\":null},{\"title\":\"nadir\",\"is_if\":null},{\"title\":\"haftada 1-2 kez\",\"is_if\":null},{\"title\":\"haftada 3-5 kez\",\"is_if\":null},{\"title\":\"her g\\u00fcn\",\"is_if\":null}]', '2020-03-03 08:09:15', '2020-03-03 08:09:15', NULL),
(132, 'tr', 136, 'Deniz ürünü tüketim sıklığınız nedir ?', '[{\"title\":\"t\\u00fcketmiyorum\",\"is_if\":null},{\"title\":\"nadir\",\"is_if\":null},{\"title\":\"haftada 1-2 kez\",\"is_if\":null},{\"title\":\"haftada 3-5 kez\",\"is_if\":null},{\"title\":\"her g\\u00fcn\",\"is_if\":null}]', '2020-03-03 08:09:54', '2020-03-03 08:09:54', NULL),
(133, 'tr', 137, 'Süt tüketim sıklığınız nedir?', '[{\"title\":\"t\\u00fcketmiyorum\",\"is_if\":null},{\"title\":\"nadir\",\"is_if\":null},{\"title\":\"haftada 1-2 kez\",\"is_if\":null},{\"title\":\"haftada 3-5 kez\",\"is_if\":null},{\"title\":\"her g\\u00fcn\",\"is_if\":null}]', '2020-03-03 08:10:30', '2020-03-03 08:10:30', NULL),
(134, 'tr', 138, 'Yoğurt tüketim sıklığınız nedir?', '[{\"title\":\"t\\u00fcketmiyorum\",\"is_if\":null},{\"title\":\"nadir\",\"is_if\":null},{\"title\":\"haftada 1-2 kez\",\"is_if\":null},{\"title\":\"haftada 3-5 kez\",\"is_if\":null},{\"title\":\"her g\\u00fcn\",\"is_if\":null}]', '2020-03-03 08:11:14', '2020-03-03 08:11:14', NULL),
(135, 'tr', 139, 'Peynir tüketim sıklığınız nedir?', '[{\"title\":\"t\\u00fcketmiyorum\",\"is_if\":null},{\"title\":\"nadir\",\"is_if\":null},{\"title\":\"haftada 1-2 kez\",\"is_if\":null},{\"title\":\"haftada 3-5 kez\",\"is_if\":null},{\"title\":\"her g\\u00fcn\",\"is_if\":null}]', '2020-03-03 08:12:00', '2020-03-03 08:12:00', NULL),
(136, 'tr', 140, 'Öğünleri evde yeme sıklığınız nedir ?', '[{\"title\":\"nadir\",\"is_if\":null},{\"title\":\"haftada 1-2 kez\",\"is_if\":null},{\"title\":\"haftada 3-5 kez\",\"is_if\":null},{\"title\":\"her g\\u00fcn (ak\\u015fam)\",\"is_if\":null}]', '2020-03-03 08:13:05', '2020-03-03 08:13:05', NULL),
(137, 'tr', 141, 'Günlük 1 litreden fazla su tüketim sıklığınız nedir?', '[{\"title\":\"hi\\u00e7bir zaman\",\"is_if\":null},{\"title\":\"her g\\u00fcn\",\"is_if\":null},{\"title\":\"haftada 1-2 kez\",\"is_if\":null},{\"title\":\"haftada 3-5 kez\",\"is_if\":null},{\"title\":\"nadir olarak\",\"is_if\":null}]', '2020-03-03 08:14:01', '2020-03-03 08:14:01', NULL),
(138, 'tr', 142, 'Günlük siyah çay tüketimi (çay bardağı) sıklığınız nedir ?', '[{\"title\":\"t\\u00fcketmem\",\"is_if\":null},{\"title\":\"1-2 bardak\",\"is_if\":null},{\"title\":\"3-5 bardak\",\"is_if\":null},{\"title\":\"5-8 bardak aras\\u0131\",\"is_if\":null},{\"title\":\"8 bardaktan fazla\",\"is_if\":null}]', '2020-03-03 08:15:34', '2020-03-03 08:15:34', NULL),
(139, 'tr', 143, 'Haftalık kahve tüketim sıklığınız nedir ?', '[{\"title\":\"nadir\",\"is_if\":null},{\"title\":\"haftada 1-2 kez\",\"is_if\":null},{\"title\":\"haftada 3-5 kez\",\"is_if\":null},{\"title\":\"her g\\u00fcn\",\"is_if\":\"g\\u00fcnl\\u00fck hahve t\\u00fcketim s\\u0131kl\\u0131\\u011f\\u0131n\\u0131z nedir ( ka\\u00e7 bardak )?\"}]', '2020-03-03 08:20:28', '2020-03-03 08:20:28', NULL),
(140, 'tr', 144, 'Bitki çayı tüketir misiniz ?', '[{\"title\":\"Hay\\u0131r\",\"is_if\":null},{\"title\":\"Evet\",\"is_if\":\"hangi bitki \\u00e7aylar\\u0131n\\u0131 ne s\\u0131kl\\u0131kta t\\u00fcketti\\u011finizi l\\u00fctfen belirtiniz.\"}]', '2020-03-03 08:21:30', '2020-03-03 08:21:30', NULL),
(141, 'tr', 145, 'Şimdiye kadar kilo almak/vermek için herhangi bir yol denediniz mi ?', '[{\"title\":\"Hay\\u0131r\",\"is_if\":null},{\"title\":\"Evet\",\"is_if\":\"hangi y\\u00f6ntemi kulland\\u0131n\\u0131z ?\"}]', '2020-03-03 08:47:00', '2020-03-03 08:47:00', NULL),
(142, 'tr', 146, 'başarılı olabildiniz mi ?', '[{\"title\":\"Hay\\u0131r\",\"is_if\":\"Sizce sebebi ne olabilir ?\"},{\"title\":\"Evet\",\"is_if\":null}]', '2020-03-03 08:48:03', '2020-03-03 08:48:03', NULL),
(143, 'tr', 147, 'adad', NULL, '2020-03-05 05:15:37', '2020-03-05 05:15:37', NULL);

-- --------------------------------------------------------

--
-- Table structure for table `surveys`
--

CREATE TABLE `surveys` (
  `id` bigint(20) UNSIGNED NOT NULL,
  `admin_id` int(10) UNSIGNED NOT NULL,
  `publish` tinyint(1) NOT NULL DEFAULT 0,
  `deleted_at` timestamp NULL DEFAULT NULL,
  `created_at` timestamp NULL DEFAULT NULL,
  `updated_at` timestamp NULL DEFAULT NULL
) ENGINE=InnoDB DEFAULT CHARSET=utf8mb4 COLLATE=utf8mb4_unicode_ci;

--
-- Dumping data for table `surveys`
--

INSERT INTO `surveys` (`id`, `admin_id`, `publish`, `deleted_at`, `created_at`, `updated_at`) VALUES
(16, 1, 1, NULL, '2020-03-02 13:22:15', '2020-03-03 12:41:00');

-- --------------------------------------------------------

--
-- Table structure for table `survey_langs`
--

CREATE TABLE `survey_langs` (
  `id` bigint(20) UNSIGNED NOT NULL,
  `survey_id` bigint(20) UNSIGNED NOT NULL,
  `lang` varchar(255) COLLATE utf8mb4_unicode_ci NOT NULL DEFAULT 'tr',
  `title` varchar(255) COLLATE utf8mb4_unicode_ci NOT NULL,
  `description` longtext COLLATE utf8mb4_unicode_ci NOT NULL,
  `created_at` timestamp NULL DEFAULT NULL,
  `updated_at` timestamp NULL DEFAULT NULL,
  `deleted_at` timestamp NULL DEFAULT NULL
) ENGINE=InnoDB DEFAULT CHARSET=utf8mb4 COLLATE=utf8mb4_unicode_ci;

--
-- Dumping data for table `survey_langs`
--

INSERT INTO `survey_langs` (`id`, `survey_id`, `lang`, `title`, `description`, `created_at`, `updated_at`, `deleted_at`) VALUES
(29, 16, 'tr', 'ENBIOSIS KULLANICI ANKETİ', '<p>ENBIOSIS KULLANICI ANKETİ</p>', '2020-03-02 13:22:15', '2020-03-02 13:22:15', NULL);

-- --------------------------------------------------------

--
-- Table structure for table `survey_sections`
--

CREATE TABLE `survey_sections` (
  `id` bigint(20) UNSIGNED NOT NULL,
  `survey_id` bigint(20) UNSIGNED NOT NULL,
  `section_order` int(10) UNSIGNED NOT NULL DEFAULT 1,
  `created_at` timestamp NULL DEFAULT NULL,
  `updated_at` timestamp NULL DEFAULT NULL,
  `deleted_at` timestamp NULL DEFAULT NULL
) ENGINE=InnoDB DEFAULT CHARSET=utf8mb4 COLLATE=utf8mb4_unicode_ci;

--
-- Dumping data for table `survey_sections`
--

INSERT INTO `survey_sections` (`id`, `survey_id`, `section_order`, `created_at`, `updated_at`, `deleted_at`) VALUES
(55, 16, 1, '2020-03-02 13:22:17', '2020-03-02 13:22:17', NULL),
(56, 16, 2, '2020-03-02 13:52:00', '2020-03-05 04:44:26', NULL),
(57, 16, 3, '2020-03-03 07:01:28', '2020-03-05 04:45:06', NULL),
(58, 16, 4, '2020-03-03 07:13:50', '2020-03-05 04:49:07', NULL),
(59, 16, 5, '2020-03-03 07:35:43', '2020-03-05 04:49:12', NULL);

-- --------------------------------------------------------

--
-- Table structure for table `survey_section_langs`
--

CREATE TABLE `survey_section_langs` (
  `id` bigint(20) UNSIGNED NOT NULL,
  `survey_section_id` bigint(20) UNSIGNED NOT NULL,
  `lang` varchar(255) COLLATE utf8mb4_unicode_ci NOT NULL DEFAULT 'tr',
  `title` varchar(255) COLLATE utf8mb4_unicode_ci NOT NULL,
  `description` longtext COLLATE utf8mb4_unicode_ci NOT NULL,
  `created_at` timestamp NULL DEFAULT NULL,
  `updated_at` timestamp NULL DEFAULT NULL,
  `deleted_at` timestamp NULL DEFAULT NULL
) ENGINE=InnoDB DEFAULT CHARSET=utf8mb4 COLLATE=utf8mb4_unicode_ci;

--
-- Dumping data for table `survey_section_langs`
--

INSERT INTO `survey_section_langs` (`id`, `survey_section_id`, `lang`, `title`, `description`, `created_at`, `updated_at`, `deleted_at`) VALUES
(47, 55, 'tr', 'YAŞAM TARZI', '<p>YAŞAM TARZI</p>', '2020-03-02 13:22:17', '2020-03-02 13:22:31', NULL),
(48, 56, 'tr', 'SAĞLIK', '<p><strong>SAĞLIK</strong></p>', '2020-03-02 13:52:00', '2020-03-02 13:52:00', NULL),
(49, 57, 'tr', 'ALERJİ', '<p><strong>ALERJİ</strong></p>', '2020-03-03 07:01:28', '2020-03-03 07:01:28', NULL),
(50, 58, 'tr', 'İLAÇ', '<p>İLA&Ccedil;</p>', '2020-03-03 07:13:50', '2020-03-03 07:13:50', NULL),
(51, 59, 'tr', 'BESLENME ALIŞKANLIKLARI', '<p><strong>BESLENME ALIŞKANLIKLARI</strong></p>', '2020-03-03 07:35:43', '2020-03-03 07:35:43', NULL);

-- --------------------------------------------------------

--
-- Table structure for table `users`
--

CREATE TABLE `users` (
  `id` bigint(20) UNSIGNED NOT NULL,
  `dietitian_id` bigint(20) DEFAULT NULL,
  `name` varchar(255) COLLATE utf8mb4_unicode_ci NOT NULL,
  `email` varchar(255) COLLATE utf8mb4_unicode_ci NOT NULL,
  `email_verified_at` timestamp NULL DEFAULT NULL,
  `password` varchar(255) COLLATE utf8mb4_unicode_ci NOT NULL,
  `gender` tinyint(1) NOT NULL DEFAULT 0,
  `address` varchar(255) COLLATE utf8mb4_unicode_ci DEFAULT NULL,
  `phone` varchar(255) COLLATE utf8mb4_unicode_ci DEFAULT NULL,
  `vegetarian` tinyint(1) NOT NULL DEFAULT 0,
  `remember_token` varchar(100) COLLATE utf8mb4_unicode_ci DEFAULT NULL,
  `deleted_at` timestamp NULL DEFAULT NULL,
  `created_at` timestamp NULL DEFAULT NULL,
  `updated_at` timestamp NULL DEFAULT NULL
) ENGINE=InnoDB DEFAULT CHARSET=utf8mb4 COLLATE=utf8mb4_unicode_ci;

--
-- Dumping data for table `users`
--

INSERT INTO `users` (`id`, `dietitian_id`, `name`, `email`, `email_verified_at`, `password`, `gender`, `address`, `phone`, `vegetarian`, `remember_token`, `deleted_at`, `created_at`, `updated_at`) VALUES
(11, NULL, 'zafer yasir YILMAZ', 'zyilmaz@aisolt.com', '2020-02-22 12:43:45', '$2y$10$hByA87mse7plA.nHN4Hr3.iPU9at1jS5GtNGE0ZXGXVOQdT.feVbC', 1, 'Mecidiyeköy Mahallesi, Kuştepe Mah. Mecidiyeköy Yolu Cad. Trump Towers 1. Kule No: 1706', '05367261865', 0, NULL, NULL, '2020-02-22 12:42:13', '2020-02-22 12:43:45'),
(12, NULL, 'Laith Atik', 'laythateek@gmail.com', '2020-03-04 08:17:06', '$2y$10$L202XVj9vmM4Bfd3WbKEpON219zlupR1QdPyzoRAD5wuK7Qw0jz4i', 1, 'Harbiye, Atiye Sk. No:8, 34367 Şişli/İstanbul', '05348447726', 0, NULL, NULL, '2020-03-04 08:16:32', '2020-03-04 08:17:06'),
(13, NULL, 'YILMAZ', 'zfrysrylmz@gmail.com', '2020-03-04 20:44:40', '$2y$10$LRhbHfFqOoByg3uKrS3NIeWIrykVK2NOxO08ucqDxYMqyN82EFXfK', 1, 'Maslak Mah. Taşyoncası Sok. Blok T4 Daire: 168, Maslak 1453 Sarıyer / İstanbul', '05367261865', 0, NULL, NULL, '2020-03-04 20:43:21', '2020-03-04 20:44:40');

--
-- Indexes for dumped tables
--

--
-- Indexes for table `activity_log`
--
ALTER TABLE `activity_log`
  ADD PRIMARY KEY (`id`),
  ADD KEY `activity_log_log_name_index` (`log_name`),
  ADD KEY `subject` (`subject_id`,`subject_type`),
  ADD KEY `causer` (`causer_id`,`causer_type`);

--
-- Indexes for table `admins`
--
ALTER TABLE `admins`
  ADD PRIMARY KEY (`id`),
  ADD UNIQUE KEY `admins_email_unique` (`email`);

--
-- Indexes for table `answers`
--
ALTER TABLE `answers`
  ADD PRIMARY KEY (`id`),
  ADD KEY `answers_kit_id_index` (`kit_id`);

--
-- Indexes for table `countries`
--
ALTER TABLE `countries`
  ADD PRIMARY KEY (`id`);

--
-- Indexes for table `coupons`
--
ALTER TABLE `coupons`
  ADD PRIMARY KEY (`id`),
  ADD UNIQUE KEY `coupons_code_unique` (`code`);

--
-- Indexes for table `dietitians`
--
ALTER TABLE `dietitians`
  ADD PRIMARY KEY (`id`),
  ADD UNIQUE KEY `dietitians_email_unique` (`email`),
  ADD UNIQUE KEY `dietitians_reference_code_unique` (`reference_code`);

--
-- Indexes for table `errors`
--
ALTER TABLE `errors`
  ADD PRIMARY KEY (`id`);

--
-- Indexes for table `kits`
--
ALTER TABLE `kits`
  ADD PRIMARY KEY (`id`),
  ADD UNIQUE KEY `kits_kit_code_unique` (`kit_code`),
  ADD KEY `kits_survey_id_index` (`survey_id`);

--
-- Indexes for table `migrations`
--
ALTER TABLE `migrations`
  ADD PRIMARY KEY (`id`);

--
-- Indexes for table `oauth_access_tokens`
--
ALTER TABLE `oauth_access_tokens`
  ADD PRIMARY KEY (`id`),
  ADD KEY `oauth_access_tokens_user_id_index` (`user_id`);

--
-- Indexes for table `oauth_auth_codes`
--
ALTER TABLE `oauth_auth_codes`
  ADD PRIMARY KEY (`id`);

--
-- Indexes for table `oauth_clients`
--
ALTER TABLE `oauth_clients`
  ADD PRIMARY KEY (`id`),
  ADD KEY `oauth_clients_user_id_index` (`user_id`);

--
-- Indexes for table `oauth_personal_access_clients`
--
ALTER TABLE `oauth_personal_access_clients`
  ADD PRIMARY KEY (`id`),
  ADD KEY `oauth_personal_access_clients_client_id_index` (`client_id`);

--
-- Indexes for table `oauth_refresh_tokens`
--
ALTER TABLE `oauth_refresh_tokens`
  ADD PRIMARY KEY (`id`),
  ADD KEY `oauth_refresh_tokens_access_token_id_index` (`access_token_id`);

--
-- Indexes for table `orders`
--
ALTER TABLE `orders`
  ADD PRIMARY KEY (`id`),
  ADD UNIQUE KEY `orders_tracking_unique` (`tracking`),
  ADD UNIQUE KEY `orders_payment_id_unique` (`payment_id`),
  ADD UNIQUE KEY `orders_coupon_id_unique` (`coupon_id`);

--
-- Indexes for table `order_details`
--
ALTER TABLE `order_details`
  ADD PRIMARY KEY (`id`);

--
-- Indexes for table `password_resets`
--
ALTER TABLE `password_resets`
  ADD KEY `password_resets_email_index` (`email`);

--
-- Indexes for table `payments`
--
ALTER TABLE `payments`
  ADD PRIMARY KEY (`id`);

--
-- Indexes for table `photos`
--
ALTER TABLE `photos`
  ADD PRIMARY KEY (`id`);

--
-- Indexes for table `products`
--
ALTER TABLE `products`
  ADD PRIMARY KEY (`id`),
  ADD UNIQUE KEY `products_slug_unique` (`slug`);

--
-- Indexes for table `questions`
--
ALTER TABLE `questions`
  ADD PRIMARY KEY (`id`),
  ADD KEY `questions_survey_section_id_index` (`survey_section_id`);

--
-- Indexes for table `question_langs`
--
ALTER TABLE `question_langs`
  ADD PRIMARY KEY (`id`),
  ADD KEY `question_langs_question_id_index` (`question_id`);

--
-- Indexes for table `surveys`
--
ALTER TABLE `surveys`
  ADD PRIMARY KEY (`id`),
  ADD KEY `surveys_admin_id_index` (`admin_id`);

--
-- Indexes for table `survey_langs`
--
ALTER TABLE `survey_langs`
  ADD PRIMARY KEY (`id`),
  ADD KEY `survey_langs_survey_id_index` (`survey_id`);

--
-- Indexes for table `survey_sections`
--
ALTER TABLE `survey_sections`
  ADD PRIMARY KEY (`id`),
  ADD KEY `survey_sections_survey_id_index` (`survey_id`);

--
-- Indexes for table `survey_section_langs`
--
ALTER TABLE `survey_section_langs`
  ADD PRIMARY KEY (`id`),
  ADD KEY `survey_section_langs_survey_section_id_index` (`survey_section_id`);

--
-- Indexes for table `users`
--
ALTER TABLE `users`
  ADD PRIMARY KEY (`id`),
  ADD UNIQUE KEY `users_email_unique` (`email`);

--
-- AUTO_INCREMENT for dumped tables
--

--
-- AUTO_INCREMENT for table `activity_log`
--
ALTER TABLE `activity_log`
  MODIFY `id` bigint(20) UNSIGNED NOT NULL AUTO_INCREMENT;

--
-- AUTO_INCREMENT for table `admins`
--
ALTER TABLE `admins`
  MODIFY `id` bigint(20) UNSIGNED NOT NULL AUTO_INCREMENT, AUTO_INCREMENT=2;

--
-- AUTO_INCREMENT for table `answers`
--
ALTER TABLE `answers`
  MODIFY `id` bigint(20) UNSIGNED NOT NULL AUTO_INCREMENT, AUTO_INCREMENT=93;

--
-- AUTO_INCREMENT for table `countries`
--
ALTER TABLE `countries`
  MODIFY `id` bigint(20) UNSIGNED NOT NULL AUTO_INCREMENT, AUTO_INCREMENT=185;

--
-- AUTO_INCREMENT for table `coupons`
--
ALTER TABLE `coupons`
  MODIFY `id` bigint(20) UNSIGNED NOT NULL AUTO_INCREMENT, AUTO_INCREMENT=386;

--
-- AUTO_INCREMENT for table `dietitians`
--
ALTER TABLE `dietitians`
  MODIFY `id` bigint(20) UNSIGNED NOT NULL AUTO_INCREMENT;

--
-- AUTO_INCREMENT for table `errors`
--
ALTER TABLE `errors`
  MODIFY `id` bigint(20) UNSIGNED NOT NULL AUTO_INCREMENT, AUTO_INCREMENT=24;

--
-- AUTO_INCREMENT for table `kits`
--
ALTER TABLE `kits`
  MODIFY `id` bigint(20) UNSIGNED NOT NULL AUTO_INCREMENT, AUTO_INCREMENT=60;

--
-- AUTO_INCREMENT for table `migrations`
--
ALTER TABLE `migrations`
  MODIFY `id` int(10) UNSIGNED NOT NULL AUTO_INCREMENT, AUTO_INCREMENT=51;

--
-- AUTO_INCREMENT for table `oauth_clients`
--
ALTER TABLE `oauth_clients`
  MODIFY `id` int(10) UNSIGNED NOT NULL AUTO_INCREMENT, AUTO_INCREMENT=3;

--
-- AUTO_INCREMENT for table `oauth_personal_access_clients`
--
ALTER TABLE `oauth_personal_access_clients`
  MODIFY `id` int(10) UNSIGNED NOT NULL AUTO_INCREMENT, AUTO_INCREMENT=2;

--
-- AUTO_INCREMENT for table `orders`
--
ALTER TABLE `orders`
  MODIFY `id` bigint(20) UNSIGNED NOT NULL AUTO_INCREMENT, AUTO_INCREMENT=51;

--
-- AUTO_INCREMENT for table `order_details`
--
ALTER TABLE `order_details`
  MODIFY `id` bigint(20) UNSIGNED NOT NULL AUTO_INCREMENT, AUTO_INCREMENT=54;

--
-- AUTO_INCREMENT for table `payments`
--
ALTER TABLE `payments`
  MODIFY `id` bigint(20) UNSIGNED NOT NULL AUTO_INCREMENT, AUTO_INCREMENT=51;

--
-- AUTO_INCREMENT for table `photos`
--
ALTER TABLE `photos`
  MODIFY `id` int(10) UNSIGNED NOT NULL AUTO_INCREMENT, AUTO_INCREMENT=40;

--
-- AUTO_INCREMENT for table `products`
--
ALTER TABLE `products`
  MODIFY `id` bigint(20) UNSIGNED NOT NULL AUTO_INCREMENT, AUTO_INCREMENT=18;

--
-- AUTO_INCREMENT for table `questions`
--
ALTER TABLE `questions`
  MODIFY `id` bigint(20) UNSIGNED NOT NULL AUTO_INCREMENT, AUTO_INCREMENT=148;

--
-- AUTO_INCREMENT for table `question_langs`
--
ALTER TABLE `question_langs`
  MODIFY `id` bigint(20) UNSIGNED NOT NULL AUTO_INCREMENT, AUTO_INCREMENT=144;

--
-- AUTO_INCREMENT for table `surveys`
--
ALTER TABLE `surveys`
  MODIFY `id` bigint(20) UNSIGNED NOT NULL AUTO_INCREMENT, AUTO_INCREMENT=17;

--
-- AUTO_INCREMENT for table `survey_langs`
--
ALTER TABLE `survey_langs`
  MODIFY `id` bigint(20) UNSIGNED NOT NULL AUTO_INCREMENT, AUTO_INCREMENT=30;

--
-- AUTO_INCREMENT for table `survey_sections`
--
ALTER TABLE `survey_sections`
  MODIFY `id` bigint(20) UNSIGNED NOT NULL AUTO_INCREMENT, AUTO_INCREMENT=62;

--
-- AUTO_INCREMENT for table `survey_section_langs`
--
ALTER TABLE `survey_section_langs`
  MODIFY `id` bigint(20) UNSIGNED NOT NULL AUTO_INCREMENT, AUTO_INCREMENT=54;

--
-- AUTO_INCREMENT for table `users`
--
ALTER TABLE `users`
  MODIFY `id` bigint(20) UNSIGNED NOT NULL AUTO_INCREMENT, AUTO_INCREMENT=14;
COMMIT;

/*!40101 SET CHARACTER_SET_CLIENT=@OLD_CHARACTER_SET_CLIENT */;
/*!40101 SET CHARACTER_SET_RESULTS=@OLD_CHARACTER_SET_RESULTS */;
/*!40101 SET COLLATION_CONNECTION=@OLD_COLLATION_CONNECTION */;
